cell_id,lat,lon,land_frac,in_province,dist_to_province,offshore_zone,retain,w_uniform,w_province,w_wind,w_solar,cap_source
0,38.5,114.75,1.0,0.0,1.5128,0,0,0.0,0.0,0.0,0.0,fallback:w_province
1,38.5,115.0,1.0,0.0,1.3419,0,0,0.0,0.0,0.0,0.0,fallback:w_province
2,38.5,115.25,1.0,0.0,1.1991,0,0,0.0,0.0,0.0,0.0,fallback:w_province
3,38.5,115.5,1.0,0.0,1.0507,0,0,0.0,0.0,0.0,0.0,fallback:w_province
4,38.5,115.75,1.0,0.0,0.9105,0,0,0.0,0.0,0.0,0.0,fallback:w_province
5,38.5,116.0,1.0,0.0,0.8184,0,0,0.0,0.0,0.0,0.0,fallback:w_province
6,38.5,116.25,1.0,0.0,0.6732,0,0,0.0,0.0,0.0,0.0,fallback:w_province
7,38.5,116.5,1.0,0.0,0.5546,0,0,0.0,0.0,0.0,0.0,fallback:w_province
8,38.5,116.75,1.0,0.0,0.5271,0,0,0.0,0.0,0.0,0.0,fallback:w_province
9,38.5,117.0,1.0,0.0,0.5255,0,0,0.0,0.0,0.0,0.0,fallback:w_province
10,38.5,117.25,1.0,0.0,0.3647,0,0,0.0,0.0,0.0,0.0,fallback:w_province
11,38.5,117.5,1.0,0.0,0.2349,0,0,0.0,0.0,0.0,0.0,fallback:w_province
12,38.5,117.75,0.0,0.0,0.0762,0,0,0.0,0.0,0.0,0.0,fallback:w_province
13,38.5,118.0,0.0,0.0,0.0734,0,0,0.0,0.0,0.0,0.0,fallback:w_province
14,38.5,118.25,0.0,0.0,0.1653,0,0,0.0,0.0,0.0,0.0,fallback:w_province
15,38.5,118.5,0.0,0.0,0.2339,0,0,0.0,0.0,0.0,0.0,fallback:w_province
16,38.5,118.75,0.0,0.0,0.2174,0,0,0.0,0.0,0.0,0.0,fallback:w_province
17,38.5,119.0,0.0,0.0,0.221,0,0,0.0,0.0,0.0,0.0,fallback:w_province
18,38.5,119.25,0.0,0.0,0.3128,0,0,0.0,0.0,0.0,0.0,fallback:w_province
19,38.5,119.5,0.0,0.0,0.4895,1,1,1.0,0.0,0.0,0.0,fallback:w_province
20,38.5,119.75,0.0,0.0,0.6051,1,0,0.0,0.0,0.0,0.0,fallback:w_province
21,38.5,120.0,0.0,0.0,0.5636,1,0,0.0,0.0,0.0,0.0,fallback:w_province
22,38.5,120.25,0.0,0.0,0.3495,1,1,1.0,0.0,0.0,0.0,fallback:w_province
23,38.5,120.5,0.0,0.0,0.1926,1,1,1.0,0.0,0.0,0.0,fallback:w_province
24,38.5,120.75,0.0,0.0,0.0191,1,1,1.0,0.0,0.0,0.0,fallback:w_province
25,38.5,121.0,0.0,0.0063,0.0,1,1,1.0,0.0063,0.0063,0.0063,fallback:w_province
26,38.5,121.25,0.0,0.0,0.193,1,1,1.0,0.0,0.0,0.0,fallback:w_province
27,38.5,121.5,0.0,0.0,0.443,1,1,1.0,0.0,0.0,0.0,fallback:w_province
28,38.5,121.75,0.0,0.0,0.693,1,0,0.0,0.0,0.0,0.0,fallback:w_province
29,38.5,122.0,0.0,0.0,0.8063,1,0,0.0,0.0,0.0,0.0,fallback:w_province
30,38.5,122.25,0.0,0.0,0.8077,1,0,0.0,0.0,0.0,0.0,fallback:w_province
31,38.5,122.5,0.0,0.0,0.8452,1,0,0.0,0.0,0.0,0.0,fallback:w_province
32,38.5,122.75,0.0,0.0,0.9308,1,0,0.0,0.0,0.0,0.0,fallback:w_province
33,38.25,114.75,1.0,0.0,1.3536,0,0,0.0,0.0,0.0,0.0,fallback:w_province
34,38.25,115.0,1.0,0.0,1.1594,0,0,0.0,0.0,0.0,0.0,fallback:w_province
35,38.25,115.25,1.0,0.0,0.9906,0,0,0.0,0.0,0.0,0.0,fallback:w_province
36,38.25,115.5,1.0,0.0,0.8604,0,0,0.0,0.0,0.0,0.0,fallback:w_province
37,38.25,115.75,1.0,0.0,0.6992,0,0,0.0,0.0,0.0,0.0,fallback:w_province
38,38.25,116.0,1.0,0.0,0.5786,0,0,0.0,0.0,0.0,0.0,fallback:w_province
39,38.25,116.25,1.0,0.0,0.496,0,0,0.0,0.0,0.0,0.0,fallback:w_province
40,38.25,116.5,1.0,0.0,0.3254,0,0,0.0,0.0,0.0,0.0,fallback:w_province
41,38.25,116.75,1.0,0.0,0.2771,0,0,0.0,0.0,0.0,0.0,fallback:w_province
42,38.25,117.0,1.0,0.0,0.2755,0,0,0.0,0.0,0.0,0.0,fallback:w_province
43,38.25,117.25,1.0,0.0,0.1938,0,0,0.0,0.0,0.0,0.0,fallback:w_province
44,38.25,117.5,1.0,0.0,0.052,0,0,0.0,0.0,0.0,0.0,fallback:w_province
45,38.25,117.75,1.0,0.1736,0.0,0,1,1.0,0.1736,0.1736,0.1736,fallback:w_province
46,38.25,118.0,0.0,0.427,0.0,0,1,1.0,0.427,0.427,0.427,fallback:w_province
47,38.25,118.25,0.0,0.1092,0.0,0,1,1.0,0.1092,0.1092,0.1092,fallback:w_province
48,38.25,118.5,0.0,0.0026,0.0,0,0,0.0,0.0,0.0,0.0,fallback:w_province
49,38.25,118.75,0.0,0.1075,0.0,0,1,1.0,0.1075,0.1075,0.1075,fallback:w_province
50,38.25,119.0,0.0,0.0137,0.0,0,1,1.0,0.0137,0.0137,0.0137,fallback:w_province
51,38.25,119.25,0.0,0.0,0.1527,0,0,0.0,0.0,0.0,0.0,fallback:w_province
52,38.25,119.5,0.0,0.0,0.2675,1,1,1.0,0.0,0.0,0.0,fallback:w_province
53,38.25,119.75,0.0,0.0,0.4195,1,1,1.0,0.0,0.0,0.0,fallback:w_province
54,38.25,120.0,0.0,0.0,0.4433,1,1,1.0,0.0,0.0,0.0,fallback:w_province
55,38.25,120.25,0.0,0.0,0.2628,1,1,1.0,0.0,0.0,0.0,fallback:w_province
56,38.25,120.5,0.0,0.0,0.0128,1,1,1.0,0.0,0.0,0.0,fallback:w_province
57,38.25,120.75,0.0,0.0401,0.0,1,1,1.0,0.0401,0.0401,0.0401,fallback:w_province
58,38.25,121.0,0.0,0.0064,0.0,1,1,1.0,0.0064,0.0064,0.0064,fallback:w_province
59,38.25,121.25,0.0,0.0,0.1932,1,1,1.0,0.0,0.0,0.0,fallback:w_province
60,38.25,121.5,0.0,0.0,0.4357,1,1,1.0,0.0,0.0,0.0,fallback:w_province
61,38.25,121.75,0.0,0.0,0.5516,1,0,0.0,0.0,0.0,0.0,fallback:w_province
62,38.25,122.0,0.0,0.0,0.5563,1,0,0.0,0.0,0.0,0.0,fallback:w_province
63,38.25,122.25,0.0,0.0,0.5577,1,0,0.0,0.0,0.0,0.0,fallback:w_province
64,38.25,122.5,0.0,0.0,0.6106,1,0,0.0,0.0,0.0,0.0,fallback:w_province
65,38.25,122.75,0.0,0.0,0.6848,1,0,0.0,0.0,0.0,0.0,fallback:w_province
66,38.0,114.75,1.0,0.0,1.2251,0,0,0.0,0.0,0.0,0.0,fallback:w_province
67,38.0,115.0,1.0,0.0,1.0064,0,0,0.0,0.0,0.0,0.0,fallback:w_province
68,38.0,115.25,1.0,0.0,0.8062,0,0,0.0,0.0,0.0,0.0,fallback:w_province
69,38.0,115.5,1.0,0.0,0.642,0,0,0.0,0.0,0.0,0.0,fallback:w_province
70,38.0,115.75,1.0,0.0,0.5231,0,0,0.0,0.0,0.0,0.0,fallback:w_province
71,38.0,116.0,1.0,0.0,0.3518,0,0,0.0,0.0,0.0,0.0,fallback:w_province
72,38.0,116.25,1.0,0.0,0.2938,0,0,0.0,0.0,0.0,0.0,fallback:w_province
73,38.0,116.5,1.0,0.0,0.1446,0,0,0.0,0.0,0.0,0.0,fallback:w_province
74,38.0,116.75,1.0,0.0,0.0271,0,0,0.0,0.0,0.0,0.0,fallback:w_province
75,38.0,117.0,1.0,0.0,0.0255,0,0,0.0,0.0,0.0,0.0,fallback:w_province
76,38.0,117.25,1.0,0.0,0.0123,0,0,0.0,0.0,0.0,0.0,fallback:w_province
77,38.0,117.5,1.0,0.3345,0.0,0,1,1.0,0.3345,0.3345,0.3345,fallback:w_province
78,38.0,117.75,1.0,0.9174,0.0,0,1,1.0,0.9174,0.9174,0.9174,fallback:w_province
79,38.0,118.0,1.0,1.0,0.0,0,1,1.0,1.0,1.0,1.0,fallback:w_province
80,38.0,118.25,1.0,0.998,0.0,0,1,1.0,0.998,0.998,0.998,fallback:w_province
81,38.0,118.5,1.0,0.9046,0.0,0,1,1.0,0.9046,0.9046,0.9046,fallback:w_province
82,38.0,118.75,1.0,1.0,0.0,0,1,1.0,1.0,1.0,1.0,fallback:w_province
83,38.0,119.0,1.0,0.6168,0.0,0,1,1.0,0.6168,0.6168,0.6168,fallback:w_province
84,38.0,119.25,0.0,0.0027,0.0,0,0,0.0,0.0,0.0,0.0,fallback:w_province
85,38.0,119.5,0.0,0.0,0.0768,1,1,1.0,0.0,0.0,0.0,fallback:w_province
86,38.0,119.75,0.0,0.0,0.3221,1,1,1.0,0.0,0.0,0.0,fallback:w_province
87,38.0,120.0,0.0,0.0,0.2082,1,1,1.0,0.0,0.0,0.0,fallback:w_province
88,38.0,120.25,0.0,0.0,0.1071,1,1,1.0,0.0,0.0,0.0,fallback:w_province
89,38.0,120.5,0.0,0.0113,0.0,1,1,1.0,0.0113,0.0113,0.0113,fallback:w_province
90,38.0,120.75,0.0,0.0507,0.0,1,1,1.0,0.0507,0.0507,0.0507,fallback:w_province
91,38.0,121.0,0.0,0.0033,0.0,1,1,1.0,0.0033,0.0033,0.0033,fallback:w_province
92,38.0,121.25,0.0,0.0,0.1519,1,1,1.0,0.0,0.0,0.0,fallback:w_province
93,38.0,121.5,0.0,0.0,0.2411,1,1,1.0,0.0,0.0,0.0,fallback:w_province
94,38.0,121.75,0.0,0.0,0.3271,1,1,1.0,0.0,0.0,0.0,fallback:w_province
95,38.0,122.0,0.0,0.0,0.3063,1,1,1.0,0.0,0.0,0.0,fallback:w_province
96,38.0,122.25,0.0,0.0,0.3077,1,1,1.0,0.0,0.0,0.0,fallback:w_province
97,38.0,122.5,0.0,0.0,0.3892,1,1,1.0,0.0,0.0,0.0,fallback:w_province
98,38.0,122.75,0.0,0.0,0.4432,1,1,1.0,0.0,0.0,0.0,fallback:w_province
99,37.75,114.75,1.0,0.0,1.0556,0,0,0.0,0.0,0.0,0.0,fallback:w_province
100,37.75,115.0,1.0,0.0,0.8893,0,0,0.0,0.0,0.0,0.0,fallback:w_province
101,37.75,115.25,1.0,0.0,0.6661,0,0,0.0,0.0,0.0,0.0,fallback:w_province
102,37.75,115.5,1.0,0.0,0.4536,0,0,0.0,0.0,0.0,0.0,fallback:w_province
103,37.75,115.75,1.0,0.0,0.3015,0,0,0.0,0.0,0.0,0.0,fallback:w_province
104,37.75,116.0,1.0,0.0,0.1761,0,0,0.0,0.0,0.0,0.0,fallback:w_province
105,37.75,116.25,1.0,0.0,0.0438,0,0,0.0,0.0,0.0,0.0,fallback:w_province
106,37.75,116.5,1.0,0.0036,0.0,0,0,0.0,0.0,0.0,0.0,fallback:w_province
107,37.75,116.75,1.0,0.5989,0.0,0,1,1.0,0.5989,0.5989,0.5989,fallback:w_province
108,37.75,117.0,1.0,0.8691,0.0,0,1,1.0,0.8691,0.8691,0.8691,fallback:w_province
109,37.75,117.25,1.0,0.8906,0.0,0,1,1.0,0.8906,0.8906,0.8906,fallback:w_province
110,37.75,117.5,1.0,0.9708,0.0,0,1,1.0,0.9708,0.9708,0.9708,fallback:w_province
111,37.75,117.75,1.0,1.0,0.0,0,1,1.0,1.0,1.0,1.0,fallback:w_province
112,37.75,118.0,1.0,1.0,0.0,0,1,1.0,1.0,1.0,1.0,fallback:w_province
113,37.75,118.25,1.0,1.0,0.0,0,1,1.0,1.0,1.0,1.0,fallback:w_province
114,37.75,118.5,1.0,1.0,0.0,0,1,1.0,1.0,1.0,1.0,fallback:w_province
115,37.75,118.75,1.0,1.0,0.0,0,1,1.0,1.0,1.0,1.0,fallback:w_province
116,37.75,119.0,1.0,0.9651,0.0,0,1,1.0,0.9651,0.9651,0.9651,fallback:w_province
117,37.75,119.25,0.0,0.5247,0.0,0,1,1.0,0.5247,0.5247,0.5247,fallback:w_province
118,37.75,119.5,0.0,0.0,0.0659,1,1,1.0,0.0,0.0,0.0,fallback:w_province
119,37.75,119.75,0.0,0.0,0.2182,1,1,1.0,0.0,0.0,0.0,fallback:w_province
120,37.75,120.0,0.0,0.0,0.0856,1,1,1.0,0.0,0.0,0.0,fallback:w_province
121,37.75,120.25,0.0,0.1428,0.0,1,1,1.0,0.1428,0.1428,0.1428,fallback:w_province
122,37.75,120.5,0.0,0.5069,0.0,1,1,1.0,0.5069,0.5069,0.5069,fallback:w_province
123,37.75,120.75,1.0,0.7785,0.0,1,1,1.0,0.7785,0.7785,0.7785,fallback:w_province
124,37.75,121.0,0.0,0.5491,0.0,1,1,1.0,0.5491,0.5491,0.5491,fallback:w_province
125,37.75,121.25,0.0,0.0474,0.0,1,1,1.0,0.0474,0.0474,0.0474,fallback:w_province
126,37.75,121.5,0.0,0.0007,0.0,1,1,1.0,0.0007,0.0007,0.0007,fallback:w_province
127,37.75,121.75,0.0,0.0,0.1165,1,1,1.0,0.0,0.0,0.0,fallback:w_province
128,37.75,122.0,0.0,0.0,0.0563,1,1,1.0,0.0,0.0,0.0,fallback:w_province
129,37.75,122.25,0.0,0.0,0.0577,1,1,1.0,0.0,0.0,0.0,fallback:w_province
130,37.75,122.5,0.0,0.0,0.17,1,1,1.0,0.0,0.0,0.0,fallback:w_province
131,37.75,122.75,0.0,0.0,0.1963,1,1,1.0,0.0,0.0,0.0,fallback:w_province
132,37.5,114.75,1.0,0.0,0.8624,0,0,0.0,0.0,0.0,0.0,fallback:w_province
133,37.5,115.0,1.0,0.0,0.7103,0,0,0.0,0.0,0.0,0.0,fallback:w_province
134,37.5,115.25,1.0,0.0,0.552,0,0,0.0,0.0,0.0,0.0,fallback:w_province
135,37.5,115.5,1.0,0.0,0.3308,0,0,0.0,0.0,0.0,0.0,fallback:w_province
136,37.5,115.75,1.0,0.0,0.1076,0,0,0.0,0.0,0.0,0.0,fallback:w_province
137,37.5,116.0,1.0,0.0,0.0007,0,0,0.0,0.0,0.0,0.0,fallback:w_province
138,37.5,116.25,1.0,0.3359,0.0,0,1,1.0,0.3359,0.3359,0.3359,fallback:w_province
139,37.5,116.5,1.0,0.7008,0.0,0,1,1.0,0.7008,0.7008,0.7008,fallback:w_province
140,37.5,116.75,1.0,1.0,0.0,0,1,1.0,1.0,1.0,1.0,fallback:w_province
141,37.5,117.0,1.0,1.0,0.0,0,1,1.0,1.0,1.0,1.0,fallback:w_province
142,37.5,117.25,1.0,1.0,0.0,0,1,1.0,1.0,1.0,1.0,fallback:w_province
143,37.5,117.5,1.0,1.0,0.0,0,1,1.0,1.0,1.0,1.0,fallback:w_province
144,37.5,117.75,1.0,1.0,0.0,0,1,1.0,1.0,1.0,1.0,fallback:w_province
145,37.5,118.0,1.0,1.0,0.0,0,1,1.0,1.0,1.0,1.0,fallback:w_province
146,37.5,118.25,1.0,1.0,0.0,0,1,1.0,1.0,1.0,1.0,fallback:w_province
147,37.5,118.5,1.0,1.0,0.0,0,1,1.0,1.0,1.0,1.0,fallback:w_province
148,37.5,118.75,1.0,1.0,0.0,0,1,1.0,1.0,1.0,1.0,fallback:w_province
149,37.5,119.0,0.0,0.3452,0.0,0,1,1.0,0.3452,0.3452,0.3452,fallback:w_province
150,37.5,119.25,0.0,0.0,0.0239,0,0,0.0,0.0,0.0,0.0,fallback:w_province
151,37.5,119.5,0.0,0.0,0.1154,1,1,1.0,0.0,0.0,0.0,fallback:w_province
152,37.5,119.75,0.0,0.0018,0.0,1,1,1.0,0.0018,0.0018,0.0018,fallback:w_province
153,37.5,120.0,0.0,0.2152,0.0,1,1,1.0,0.2152,0.2152,0.2152,fallback:w_province
154,37.5,120.25,0.0,0.8056,0.0,1,1,1.0,0.8056,0.8056,0.8056,fallback:w_province
155,37.5,120.5,1.0,1.0,0.0,1,1,1.0,1.0,1.0,1.0,fallback:w_province
156,37.5,120.75,1.0,1.0,0.0,1,1,1.0,1.0,1.0,1.0,fallback:w_province
157,37.5,121.0,1.0,1.0,0.0,1,1,1.0,1.0,1.0,1.0,fallback:w_province
158,37.5,121.25,1.0,0.8795,0.0,1,1,1.0,0.8795,0.8795,0.8795,fallback:w_province
159,37.5,121.5,0.0,0.5052,0.0,1,1,1.0,0.5052,0.5052,0.5052,fallback:w_province
160,37.5,121.75,0.0,0.3921,0.0,1,1,1.0,0.3921,0.3921,0.3921,fallback:w_province
161,37.5,122.0,0.0,0.5408,0.0,1,1,1.0,0.5408,0.5408,0.5408,fallback:w_province
162,37.5,122.25,0.0,0.3182,0.0,1,1,1.0,0.3182,0.3182,0.3182,fallback:w_province
163,37.5,122.5,0.0,0.1683,0.0,1,1,1.0,0.1683,0.1683,0.1683,fallback:w_province
164,37.5,122.75,0.0,0.0543,0.0,1,1,1.0,0.0543,0.0543,0.0543,fallback:w_province
165,37.25,114.75,1.0,0.0,0.6915,0,0,0.0,0.0,0.0,0.0,fallback:w_province
166,37.25,115.0,1.0,0.0,0.5089,0,0,0.0,0.0,0.0,0.0,fallback:w_province
167,37.25,115.25,1.0,0.0,0.3781,0,0,0.0,0.0,0.0,0.0,fallback:w_province
168,37.25,115.5,1.0,0.0,0.2022,0,0,0.0,0.0,0.0,0.0,fallback:w_province
169,37.25,115.75,1.0,0.0,0.0044,0,0,0.0,0.0,0.0,0.0,fallback:w_province
170,37.25,116.0,1.0,0.6869,0.0,0,1,1.0,0.6869,0.6869,0.6869,fallback:w_province
171,37.25,116.25,1.0,0.9896,0.0,0,1,1.0,0.9896,0.9896,0.9896,fallback:w_province
172,37.25,116.5,1.0,1.0,0.0,0,1,1.0,1.0,1.0,1.0,fallback:w_province
173,37.25,116.75,1.0,1.0,0.0,0,1,1.0,1.0,1.0,1.0,fallback:w_province
174,37.25,117.0,1.0,1.0,0.0,0,1,1.0,1.0,1.0,1.0,fallback:w_province
175,37.25,117.25,1.0,1.0,0.0,0,1,1.0,1.0,1.0,1.0,fallback:w_province
176,37.25,117.5,1.0,1.0,0.0,0,1,1.0,1.0,1.0,1.0,fallback:w_province
177,37.25,117.75,1.0,1.0,0.0,0,1,1.0,1.0,1.0,1.0,fallback:w_province
178,37.25,118.0,1.0,1.0,0.0,0,1,1.0,1.0,1.0,1.0,fallback:w_province
179,37.25,118.25,1.0,1.0,0.0,0,1,1.0,1.0,1.0,1.0,fallback:w_province
180,37.25,118.5,1.0,1.0,0.0,0,1,1.0,1.0,1.0,1.0,fallback:w_province
181,37.25,118.75,1.0,1.0,0.0,0,1,1.0,1.0,1.0,1.0,fallback:w_province
182,37.25,119.0,1.0,0.7913,0.0,0,1,1.0,0.7913,0.7913,0.7913,fallback:w_province
183,37.25,119.25,0.0,0.2982,0.0,0,1,1.0,0.2982,0.2982,0.2982,fallback:w_province
184,37.25,119.5,0.0,0.0217,0.0,1,1,1.0,0.0217,0.0217,0.0217,fallback:w_province
185,37.25,119.75,0.0,0.2216,0.0,1,1,1.0,0.2216,0.2216,0.2216,fallback:w_province
186,37.25,120.0,1.0,0.9882,0.0,1,1,1.0,0.9882,0.9882,0.9882,fallback:w_province
187,37.25,120.25,1.0,1.0,0.0,1,1,1.0,1.0,1.0,1.0,fallback:w_province
188,37.25,120.5,1.0,1.0,0.0,1,1,1.0,1.0,1.0,1.0,fallback:w_province
189,37.25,120.75,1.0,1.0,0.0,1,1,1.0,1.0,1.0,1.0,fallback:w_province
190,37.25,121.0,1.0,1.0,0.0,1,1,1.0,1.0,1.0,1.0,fallback:w_province
191,37.25,121.25,1.0,1.0,0.0,1,1,1.0,1.0,1.0,1.0,fallback:w_province
192,37.25,121.5,1.0,1.0,0.0,1,1,1.0,1.0,1.0,1.0,fallback:w_province
193,37.25,121.75,1.0,1.0,0.0,1,1,1.0,1.0,1.0,1.0,fallback:w_province
194,37.25,122.0,1.0,1.0,0.0,1,1,1.0,1.0,1.0,1.0,fallback:w_province
195,37.25,122.25,1.0,1.0,0.0,1,1,1.0,1.0,1.0,1.0,fallback:w_province
196,37.25,122.5,1.0,0.8399,0.0,1,1,1.0,0.8399,0.8399,0.8399,fallback:w_province
197,37.25,122.75,0.0,0.0009,0.0,1,1,1.0,0.0009,0.0009,0.0009,fallback:w_province
198,37.0,114.75,1.0,0.0,0.5384,0,0,0.0,0.0,0.0,0.0,fallback:w_province
199,37.0,115.0,1.0,0.0,0.338,0,0,0.0,0.0,0.0,0.0,fallback:w_province
200,37.0,115.25,1.0,0.0,0.1555,0,0,0.0,0.0,0.0,0.0,fallback:w_province
201,37.0,115.5,1.0,0.0,0.0721,0,0,0.0,0.0,0.0,0.0,fallback:w_province
202,37.0,115.75,1.0,0.2783,0.0,0,1,1.0,0.2783,0.2783,0.2783,fallback:w_province
203,37.0,116.0,1.0,0.9975,0.0,0,1,1.0,0.9975,0.9975,0.9975,fallback:w_province
204,37.0,116.25,1.0,1.0,0.0,0,1,1.0,1.0,1.0,1.0,fallback:w_province
205,37.0,116.5,1.0,1.0,0.0,0,1,1.0,1.0,1.0,1.0,fallback:w_province
206,37.0,116.75,1.0,1.0,0.0,0,1,1.0,1.0,1.0,1.0,fallback:w_province
207,37.0,117.0,1.0,1.0,0.0,0,1,1.0,1.0,1.0,1.0,fallback:w_province
208,37.0,117.25,1.0,1.0,0.0,0,1,1.0,1.0,1.0,1.0,fallback:w_province
209,37.0,117.5,1.0,1.0,0.0,0,1,1.0,1.0,1.0,1.0,fallback:w_province
210,37.0,117.75,1.0,1.0,0.0,0,1,1.0,1.0,1.0,1.0,fallback:w_province
211,37.0,118.0,1.0,1.0,0.0,0,1,1.0,1.0,1.0,1.0,fallback:w_province
212,37.0,118.25,1.0,1.0,0.0,0,1,1.0,1.0,1.0,1.0,fallback:w_province
213,37.0,118.5,1.0,1.0,0.0,0,1,1.0,1.0,1.0,1.0,fallback:w_province
214,37.0,118.75,1.0,1.0,0.0,0,1,1.0,1.0,1.0,1.0,fallback:w_province
215,37.0,119.0,1.0,1.0,0.0,0,1,1.0,1.0,1.0,1.0,fallback:w_province
216,37.0,119.25,1.0,0.9963,0.0,0,1,1.0,0.9963,0.9963,0.9963,fallback:w_province
217,37.0,119.5,1.0,1.0,0.0,1,1,1.0,1.0,1.0,1.0,fallback:w_province
218,37.0,119.75,1.0,1.0,0.0,1,1,1.0,1.0,1.0,1.0,fallback:w_province
219,37.0,120.0,1.0,1.0,0.0,1,1,1.0,1.0,1.0,1.0,fallback:w_province
220,37.0,120.25,1.0,1.0,0.0,1,1,1.0,1.0,1.0,1.0,fallback:w_province
221,37.0,120.5,1.0,1.0,0.0,1,1,1.0,1.0,1.0,1.0,fallback:w_province
222,37.0,120.75,1.0,1.0,0.0,1,1,1.0,1.0,1.0,1.0,fallback:w_province
223,37.0,121.0,1.0,1.0,0.0,1,1,1.0,1.0,1.0,1.0,fallback:w_province
224,37.0,121.25,1.0,1.0,0.0,1,1,1.0,1.0,1.0,1.0,fallback:w_province
225,37.0,121.5,1.0,1.0,0.0,1,1,1.0,1.0,1.0,1.0,fallback:w_province
226,37.0,121.75,1.0,0.9659,0.0,1,1,1.0,0.9659,0.9659,0.9659,fallback:w_province
227,37.0,122.0,0.0,0.7886,0.0,1,1,1.0,0.7886,0.7886,0.7886,fallback:w_province
228,37.0,122.25,1.0,0.9831,0.0,1,1,1.0,0.9831,0.9831,0.9831,fallback:w_province
229,37.0,122.5,0.0,0.5633,0.0,1,1,1.0,0.5633,0.5633,0.5633,fallback:w_province
230,37.0,122.75,0.0,0.0,0.0397,1,1,1.0,0.0,0.0,0.0,fallback:w_province
231,36.75,114.75,1.0,0.0,0.4178,0,0,0.0,0.0,0.0,0.0,fallback:w_province
232,36.75,115.0,1.0,0.0,0.1897,0,0,0.0,0.0,0.0,0.0,fallback:w_province
233,36.75,115.25,1.0,0.0003,0.0,0,0,0.0,0.0,0.0,0.0,fallback:w_province
234,36.75,115.5,1.0,0.4591,0.0,0,1,1.0,0.4591,0.4591,0.4591,fallback:w_province
235,36.75,115.75,1.0,0.9247,0.0,0,1,1.0,0.9247,0.9247,0.9247,fallback:w_province
236,36.75,116.0,1.0,1.0,0.0,0,1,1.0,1.0,1.0,1.0,fallback:w_province
237,36.75,116.25,1.0,1.0,0.0,0,1,1.0,1.0,1.0,1.0,fallback:w_province
238,36.75,116.5,1.0,1.0,0.0,0,1,1.0,1.0,1.0,1.0,fallback:w_province
239,36.75,116.75,1.0,1.0,0.0,0,1,1.0,1.0,1.0,1.0,fallback:w_province
240,36.75,117.0,1.0,1.0,0.0,0,1,1.0,1.0,1.0,1.0,fallback:w_province
241,36.75,117.25,1.0,1.0,0.0,0,1,1.0,1.0,1.0,1.0,fallback:w_province
242,36.75,117.5,1.0,1.0,0.0,0,1,1.0,1.0,1.0,1.0,fallback:w_province
243,36.75,117.75,1.0,1.0,0.0,0,1,1.0,1.0,1.0,1.0,fallback:w_province
244,36.75,118.0,1.0,1.0,0.0,0,1,1.0,1.0,1.0,1.0,fallback:w_province
245,36.75,118.25,1.0,1.0,0.0,0,1,1.0,1.0,1.0,1.0,fallback:w_province
246,36.75,118.5,1.0,1.0,0.0,0,1,1.0,1.0,1.0,1.0,fallback:w_province
247,36.75,118.75,1.0,1.0,0.0,0,1,1.0,1.0,1.0,1.0,fallback:w_province
248,36.75,119.0,1.0,1.0,0.0,0,1,1.0,1.0,1.0,1.0,fallback:w_province
249,36.75,119.25,1.0,1.0,0.0,0,1,1.0,1.0,1.0,1.0,fallback:w_province
250,36.75,119.5,1.0,1.0,0.0,1,1,1.0,1.0,1.0,1.0,fallback:w_province
251,36.75,119.75,1.0,1.0,0.0,1,1,1.0,1.0,1.0,1.0,fallback:w_province
252,36.75,120.0,1.0,1.0,0.0,1,1,1.0,1.0,1.0,1.0,fallback:w_province
253,36.75,120.25,1.0,1.0,0.0,1,1,1.0,1.0,1.0,1.0,fallback:w_province
254,36.75,120.5,1.0,1.0,0.0,1,1,1.0,1.0,1.0,1.0,fallback:w_province
255,36.75,120.75,1.0,1.0,0.0,1,1,1.0,1.0,1.0,1.0,fallback:w_province
256,36.75,121.0,1.0,0.9996,0.0,1,1,1.0,0.9996,0.9996,0.9996,fallback:w_province
257,36.75,121.25,0.0,0.7901,0.0,1,1,1.0,0.7901,0.7901,0.7901,fallback:w_province
258,36.75,121.5,0.0,0.5011,0.0,1,1,1.0,0.5011,0.5011,0.5011,fallback:w_province
259,36.75,121.75,0.0,0.1329,0.0,1,1,1.0,0.1329,0.1329,0.1329,fallback:w_province
260,36.75,122.0,0.0,0.0001,0.0,1,1,1.0,0.0001,0.0001,0.0001,fallback:w_province
261,36.75,122.25,0.0,0.1125,0.0,1,1,1.0,0.1125,0.1125,0.1125,fallback:w_province
262,36.75,122.5,0.0,0.0155,0.0,1,1,1.0,0.0155,0.0155,0.0155,fallback:w_province
263,36.75,122.75,0.0,0.0,0.0911,1,1,1.0,0.0,0.0,0.0,fallback:w_province
264,36.5,114.75,1.0,0.0,0.3978,0,0,0.0,0.0,0.0,0.0,fallback:w_province
265,36.5,115.0,1.0,0.0,0.1478,0,0,0.0,0.0,0.0,0.0,fallback:w_province
266,36.5,115.25,1.0,0.2271,0.0,0,1,1.0,0.2271,0.2271,0.2271,fallback:w_province
267,36.5,115.5,1.0,1.0,0.0,0,1,1.0,1.0,1.0,1.0,fallback:w_province
268,36.5,115.75,1.0,1.0,0.0,0,1,1.0,1.0,1.0,1.0,fallback:w_province
269,36.5,116.0,1.0,1.0,0.0,0,1,1.0,1.0,1.0,1.0,fallback:w_province
270,36.5,116.25,1.0,1.0,0.0,0,1,1.0,1.0,1.0,1.0,fallback:w_province
271,36.5,116.5,1.0,1.0,0.0,0,1,1.0,1.0,1.0,1.0,fallback:w_province
272,36.5,116.75,1.0,1.0,0.0,0,1,1.0,1.0,1.0,1.0,fallback:w_province
273,36.5,117.0,1.0,1.0,0.0,0,1,1.0,1.0,1.0,1.0,fallback:w_province
274,36.5,117.25,1.0,1.0,0.0,0,1,1.0,1.0,1.0,1.0,fallback:w_province
275,36.5,117.5,1.0,1.0,0.0,0,1,1.0,1.0,1.0,1.0,fallback:w_province
276,36.5,117.75,1.0,1.0,0.0,0,1,1.0,1.0,1.0,1.0,fallback:w_province
277,36.5,118.0,1.0,1.0,0.0,0,1,1.0,1.0,1.0,1.0,fallback:w_province
278,36.5,118.25,1.0,1.0,0.0,0,1,1.0,1.0,1.0,1.0,fallback:w_province
279,36.5,118.5,1.0,1.0,0.0,0,1,1.0,1.0,1.0,1.0,fallback:w_province
280,36.5,118.75,1.0,1.0,0.0,0,1,1.0,1.0,1.0,1.0,fallback:w_province
281,36.5,119.0,1.0,1.0,0.0,0,1,1.0,1.0,1.0,1.0,fallback:w_province
282,36.5,119.25,1.0,1.0,0.0,0,1,1.0,1.0,1.0,1.0,fallback:w_province
283,36.5,119.5,1.0,1.0,0.0,1,1,1.0,1.0,1.0,1.0,fallback:w_province
284,36.5,119.75,1.0,1.0,0.0,1,1,1.0,1.0,1.0,1.0,fallback:w_province
285,36.5,120.0,1.0,1.0,0.0,1,1,1.0,1.0,1.0,1.0,fallback:w_province
286,36.5,120.25,1.0,1.0,0.0,1,1,1.0,1.0,1.0,1.0,fallback:w_province
287,36.5,120.5,1.0,1.0,0.0,1,1,1.0,1.0,1.0,1.0,fallback:w_province
288,36.5,120.75,1.0,0.8191,0.0,1,1,1.0,0.8191,0.8191,0.8191,fallback:w_province
289,36.5,121.0,0.0,0.3394,0.0,1,1,1.0,0.3394,0.3394,0.3394,fallback:w_province
290,36.5,121.25,0.0,0.0,0.0028,1,1,1.0,0.0,0.0,0.0,fallback:w_province
291,36.5,121.5,0.0,0.0,0.074,1,1,1.0,0.0,0.0,0.0,fallback:w_province
292,36.5,121.75,0.0,0.0,0.0889,1,1,1.0,0.0,0.0,0.0,fallback:w_province
293,36.5,122.0,0.0,0.0,0.1833,1,1,1.0,0.0,0.0,0.0,fallback:w_province
294,36.5,122.25,0.0,0.0,0.1237,1,1,1.0,0.0,0.0,0.0,fallback:w_province
295,36.5,122.5,0.0,0.0,0.1684,1,1,1.0,0.0,0.0,0.0,fallback:w_province
296,36.5,122.75,0.0,0.0,0.2866,1,1,1.0,0.0,0.0,0.0,fallback:w_province
297,36.25,114.75,1.0,0.0,0.4162,0,0,0.0,0.0,0.0,0.0,fallback:w_province
298,36.25,115.0,1.0,0.0,0.1766,0,0,0.0,0.0,0.0,0.0,fallback:w_province
299,36.25,115.25,1.0,0.0147,0.0,0,1,1.0,0.0147,0.0147,0.0147,fallback:w_province
300,36.25,115.5,1.0,0.7178,0.0,0,1,1.0,0.7178,0.7178,0.7178,fallback:w_province
301,36.25,115.75,1.0,1.0,0.0,0,1,1.0,1.0,1.0,1.0,fallback:w_province
302,36.25,116.0,1.0,1.0,0.0,0,1,1.0,1.0,1.0,1.0,fallback:w_province
303,36.25,116.25,1.0,1.0,0.0,0,1,1.0,1.0,1.0,1.0,fallback:w_province
304,36.25,116.5,1.0,1.0,0.0,0,1,1.0,1.0,1.0,1.0,fallback:w_province
305,36.25,116.75,1.0,1.0,0.0,0,1,1.0,1.0,1.0,1.0,fallback:w_province
306,36.25,117.0,1.0,1.0,0.0,0,1,1.0,1.0,1.0,1.0,fallback:w_province
307,36.25,117.25,1.0,1.0,0.0,0,1,1.0,1.0,1.0,1.0,fallback:w_province
308,36.25,117.5,1.0,1.0,0.0,0,1,1.0,1.0,1.0,1.0,fallback:w_province
309,36.25,117.75,1.0,1.0,0.0,0,1,1.0,1.0,1.0,1.0,fallback:w_province
310,36.25,118.0,1.0,1.0,0.0,0,1,1.0,1.0,1.0,1.0,fallback:w_province
311,36.25,118.25,1.0,1.0,0.0,0,1,1.0,1.0,1.0,1.0,fallback:w_province
312,36.25,118.5,1.0,1.0,0.0,0,1,1.0,1.0,1.0,1.0,fallback:w_province
313,36.25,118.75,1.0,1.0,0.0,0,1,1.0,1.0,1.0,1.0,fallback:w_province
314,36.25,119.0,1.0,1.0,0.0,0,1,1.0,1.0,1.0,1.0,fallback:w_province
315,36.25,119.25,1.0,1.0,0.0,0,1,1.0,1.0,1.0,1.0,fallback:w_province
316,36.25,119.5,1.0,1.0,0.0,1,1,1.0,1.0,1.0,1.0,fallback:w_province
317,36.25,119.75,1.0,1.0,0.0,1,1,1.0,1.0,1.0,1.0,fallback:w_province
318,36.25,120.0,1.0,0.9991,0.0,1,1,1.0,0.9991,0.9991,0.9991,fallback:w_province
319,36.25,120.25,1.0,0.7445,0.0,1,1,1.0,0.7445,0.7445,0.7445,fallback:w_province
320,36.25,120.5,1.0,1.0,0.0,1,1,1.0,1.0,1.0,1.0,fallback:w_province
321,36.25,120.75,0.0,0.2792,0.0,1,1,1.0,0.2792,0.2792,0.2792,fallback:w_province
322,36.25,121.0,0.0,0.001,0.0,1,1,1.0,0.001,0.001,0.001,fallback:w_province
323,36.25,121.25,0.0,0.0,0.0137,1,1,1.0,0.0,0.0,0.0,fallback:w_province
324,36.25,121.5,0.0,0.0004,0.0,1,1,1.0,0.0004,0.0004,0.0004,fallback:w_province
325,36.25,121.75,0.0,0.0,0.2284,1,1,1.0,0.0,0.0,0.0,fallback:w_province
326,36.25,122.0,0.0,0.0,0.3974,1,1,1.0,0.0,0.0,0.0,fallback:w_province
327,36.25,122.25,0.0,0.0,0.3737,1,1,1.0,0.0,0.0,0.0,fallback:w_province
328,36.25,122.5,0.0,0.0,0.3909,1,1,1.0,0.0,0.0,0.0,fallback:w_province
329,36.25,122.75,0.0,0.0,0.5215,1,0,0.0,0.0,0.0,0.0,fallback:w_province
330,36.0,114.75,1.0,0.0,0.4633,0,0,0.0,0.0,0.0,0.0,fallback:w_province
331,36.0,115.0,1.0,0.0,0.2134,0,0,0.0,0.0,0.0,0.0,fallback:w_province
332,36.0,115.25,1.0,0.0213,0.0,0,1,1.0,0.0213,0.0213,0.0213,fallback:w_province
333,36.0,115.5,1.0,0.7558,0.0,0,1,1.0,0.7558,0.7558,0.7558,fallback:w_province
334,36.0,115.75,1.0,0.6032,0.0,0,1,1.0,0.6032,0.6032,0.6032,fallback:w_province
335,36.0,116.0,1.0,0.7111,0.0,0,1,1.0,0.7111,0.7111,0.7111,fallback:w_province
336,36.0,116.25,1.0,1.0,0.0,0,1,1.0,1.0,1.0,1.0,fallback:w_province
337,36.0,116.5,1.0,1.0,0.0,0,1,1.0,1.0,1.0,1.0,fallback:w_province
338,36.0,116.75,1.0,1.0,0.0,0,1,1.0,1.0,1.0,1.0,fallback:w_province
339,36.0,117.0,1.0,1.0,0.0,0,1,1.0,1.0,1.0,1.0,fallback:w_province
340,36.0,117.25,1.0,1.0,0.0,0,1,1.0,1.0,1.0,1.0,fallback:w_province
341,36.0,117.5,1.0,1.0,0.0,0,1,1.0,1.0,1.0,1.0,fallback:w_province
342,36.0,117.75,1.0,1.0,0.0,0,1,1.0,1.0,1.0,1.0,fallback:w_province
343,36.0,118.0,1.0,1.0,0.0,0,1,1.0,1.0,1.0,1.0,fallback:w_province
344,36.0,118.25,1.0,1.0,0.0,0,1,1.0,1.0,1.0,1.0,fallback:w_province
345,36.0,118.5,1.0,1.0,0.0,0,1,1.0,1.0,1.0,1.0,fallback:w_province
346,36.0,118.75,1.0,1.0,0.0,0,1,1.0,1.0,1.0,1.0,fallback:w_province
347,36.0,119.0,1.0,1.0,0.0,0,1,1.0,1.0,1.0,1.0,fallback:w_province
348,36.0,119.25,1.0,1.0,0.0,0,1,1.0,1.0,1.0,1.0,fallback:w_province
349,36.0,119.5,1.0,1.0,0.0,1,1,1.0,1.0,1.0,1.0,fallback:w_province
350,36.0,119.75,1.0,1.0,0.0,1,1,1.0,1.0,1.0,1.0,fallback:w_province
351,36.0,120.0,1.0,0.9882,0.0,1,1,1.0,0.9882,0.9882,0.9882,fallback:w_province
352,36.0,120.25,0.0,0.4194,0.0,1,1,1.0,0.4194,0.4194,0.4194,fallback:w_province
353,36.0,120.5,0.0,0.1593,0.0,1,1,1.0,0.1593,0.1593,0.1593,fallback:w_province
354,36.0,120.75,0.0,0.0048,0.0,1,1,1.0,0.0048,0.0048,0.0048,fallback:w_province
355,36.0,121.0,0.0,0.0004,0.0,1,1,1.0,0.0004,0.0004,0.0004,fallback:w_province
356,36.0,121.25,0.0,0.0,0.1409,1,1,1.0,0.0,0.0,0.0,fallback:w_province
357,36.0,121.5,0.0,0.0,0.1392,1,1,1.0,0.0,0.0,0.0,fallback:w_province
358,36.0,121.75,0.0,0.0,0.2674,1,1,1.0,0.0,0.0,0.0,fallback:w_province
359,36.0,122.0,0.0,0.0,0.4982,1,1,1.0,0.0,0.0,0.0,fallback:w_province
360,36.0,122.25,0.0,0.0,0.6237,1,0,0.0,0.0,0.0,0.0,fallback:w_province
361,36.0,122.5,0.0,0.0,0.6342,1,0,0.0,0.0,0.0,0.0,fallback:w_province
362,36.0,122.75,0.0,0.0,0.7225,1,0,0.0,0.0,0.0,0.0,fallback:w_province
363,35.75,114.75,1.0,0.0,0.2997,0,0,0.0,0.0,0.0,0.0,fallback:w_province
364,35.75,115.0,1.0,0.0,0.203,0,0,0.0,0.0,0.0,0.0,fallback:w_province
365,35.75,115.25,1.0,0.0471,0.0,0,1,1.0,0.0471,0.0471,0.0471,fallback:w_province
366,35.75,115.5,1.0,0.3502,0.0,0,1,1.0,0.3502,0.3502,0.3502,fallback:w_province
367,35.75,115.75,1.0,0.7558,0.0,0,1,1.0,0.7558,0.7558,0.7558,fallback:w_province
368,35.75,116.0,1.0,0.9999,0.0,0,1,1.0,0.9999,0.9999,0.9999,fallback:w_province
369,35.75,116.25,1.0,1.0,0.0,0,1,1.0,1.0,1.0,1.0,fallback:w_province
370,35.75,116.5,1.0,1.0,0.0,0,1,1.0,1.0,1.0,1.0,fallback:w_province
371,35.75,116.75,1.0,1.0,0.0,0,1,1.0,1.0,1.0,1.0,fallback:w_province
372,35.75,117.0,1.0,1.0,0.0,0,1,1.0,1.0,1.0,1.0,fallback:w_province
373,35.75,117.25,1.0,1.0,0.0,0,1,1.0,1.0,1.0,1.0,fallback:w_province
374,35.75,117.5,1.0,1.0,0.0,0,1,1.0,1.0,1.0,1.0,fallback:w_province
375,35.75,117.75,1.0,1.0,0.0,0,1,1.0,1.0,1.0,1.0,fallback:w_province
376,35.75,118.0,1.0,1.0,0.0,0,1,1.0,1.0,1.0,1.0,fallback:w_province
377,35.75,118.25,1.0,1.0,0.0,0,1,1.0,1.0,1.0,1.0,fallback:w_province
378,35.75,118.5,1.0,1.0,0.0,0,1,1.0,1.0,1.0,1.0,fallback:w_province
379,35.75,118.75,1.0,1.0,0.0,0,1,1.0,1.0,1.0,1.0,fallback:w_province
380,35.75,119.0,1.0,1.0,0.0,0,1,1.0,1.0,1.0,1.0,fallback:w_province
381,35.75,119.25,1.0,1.0,0.0,0,1,1.0,1.0,1.0,1.0,fallback:w_province
382,35.75,119.5,1.0,1.0,0.0,1,1,1.0,1.0,1.0,1.0,fallback:w_province
383,35.75,119.75,1.0,0.9943,0.0,1,1,1.0,0.9943,0.9943,0.9943,fallback:w_province
384,35.75,120.0,0.0,0.4551,0.0,1,1,1.0,0.4551,0.4551,0.4551,fallback:w_province
385,35.75,120.25,0.0,0.0169,0.0,1,1,1.0,0.0169,0.0169,0.0169,fallback:w_province
386,35.75,120.5,0.0,0.0,0.1194,1,1,1.0,0.0,0.0,0.0,fallback:w_province
387,35.75,120.75,0.0,0.0,0.0134,1,1,1.0,0.0,0.0,0.0,fallback:w_province
388,35.75,121.0,0.0,0.0,0.0134,1,1,1.0,0.0,0.0,0.0,fallback:w_province
389,35.75,121.25,0.0,0.0,0.2372,1,1,1.0,0.0,0.0,0.0,fallback:w_province
390,35.75,121.5,0.0,0.0,0.3892,1,1,1.0,0.0,0.0,0.0,fallback:w_province
391,35.75,121.75,0.0,0.0,0.4512,1,1,1.0,0.0,0.0,0.0,fallback:w_province
392,35.75,122.0,0.0,0.0,0.6167,1,0,0.0,0.0,0.0,0.0,fallback:w_province
393,35.75,122.25,0.0,0.0,0.8258,1,0,0.0,0.0,0.0,0.0,fallback:w_province
394,35.75,122.5,0.0,0.0,0.8812,1,0,0.0,0.0,0.0,0.0,fallback:w_province
395,35.75,122.75,0.0,0.0,0.9468,1,0,0.0,0.0,0.0,0.0,fallback:w_province
396,35.5,114.75,1.0,0.0,0.133,0,0,0.0,0.0,0.0,0.0,fallback:w_province
397,35.5,115.0,1.0,0.0228,0.0,0,1,1.0,0.0228,0.0228,0.0228,fallback:w_province
398,35.5,115.25,1.0,0.3191,0.0,0,1,1.0,0.3191,0.3191,0.3191,fallback:w_province
399,35.5,115.5,1.0,0.9754,0.0,0,1,1.0,0.9754,0.9754,0.9754,fallback:w_province
400,35.5,115.75,1.0,1.0,0.0,0,1,1.0,1.0,1.0,1.0,fallback:w_province
401,35.5,116.0,1.0,1.0,0.0,0,1,1.0,1.0,1.0,1.0,fallback:w_province
402,35.5,116.25,1.0,1.0,0.0,0,1,1.0,1.0,1.0,1.0,fallback:w_province
403,35.5,116.5,1.0,1.0,0.0,0,1,1.0,1.0,1.0,1.0,fallback:w_province
404,35.5,116.75,1.0,1.0,0.0,0,1,1.0,1.0,1.0,1.0,fallback:w_province
405,35.5,117.0,1.0,1.0,0.0,0,1,1.0,1.0,1.0,1.0,fallback:w_province
406,35.5,117.25,1.0,1.0,0.0,0,1,1.0,1.0,1.0,1.0,fallback:w_province
407,35.5,117.5,1.0,1.0,0.0,0,1,1.0,1.0,1.0,1.0,fallback:w_province
408,35.5,117.75,1.0,1.0,0.0,0,1,1.0,1.0,1.0,1.0,fallback:w_province
409,35.5,118.0,1.0,1.0,0.0,0,1,1.0,1.0,1.0,1.0,fallback:w_province
410,35.5,118.25,1.0,1.0,0.0,0,1,1.0,1.0,1.0,1.0,fallback:w_province
411,35.5,118.5,1.0,1.0,0.0,0,1,1.0,1.0,1.0,1.0,fallback:w_province
412,35.5,118.75,1.0,1.0,0.0,0,1,1.0,1.0,1.0,1.0,fallback:w_province
413,35.5,119.0,1.0,1.0,0.0,0,1,1.0,1.0,1.0,1.0,fallback:w_province
414,35.5,119.25,1.0,1.0,0.0,0,1,1.0,1.0,1.0,1.0,fallback:w_province
415,35.5,119.5,1.0,0.952,0.0,1,1,1.0,0.952,0.952,0.952,fallback:w_province
416,35.5,119.75,0.0,0.1281,0.0,1,1,1.0,0.1281,0.1281,0.1281,fallback:w_province
417,35.5,120.0,0.0,0.0021,0.0,1,1,1.0,0.0021,0.0021,0.0021,fallback:w_province
418,35.5,120.25,0.0,0.0,0.1164,1,1,1.0,0.0,0.0,0.0,fallback:w_province
419,35.5,120.5,0.0,0.0,0.2242,1,1,1.0,0.0,0.0,0.0,fallback:w_province
420,35.5,120.75,0.0,0.0,0.2634,1,1,1.0,0.0,0.0,0.0,fallback:w_province
421,35.5,121.0,0.0,0.0,0.2634,1,1,1.0,0.0,0.0,0.0,fallback:w_province
422,35.5,121.25,0.0,0.0,0.3605,1,1,1.0,0.0,0.0,0.0,fallback:w_province
423,35.5,121.5,0.0,0.0,0.5572,1,0,0.0,0.0,0.0,0.0,fallback:w_province
424,35.5,121.75,0.0,0.0,0.6787,1,0,0.0,0.0,0.0,0.0,fallback:w_province
425,35.5,122.0,0.0,0.0,0.7984,1,0,0.0,0.0,0.0,0.0,fallback:w_province
426,35.5,122.25,0.0,0.0,0.969,1,0,0.0,0.0,0.0,0.0,fallback:w_province
427,35.5,122.5,0.0,0.0,1.1295,1,0,0.0,0.0,0.0,0.0,fallback:w_province
428,35.5,122.75,0.0,0.0,1.1814,1,0,0.0,0.0,0.0,0.0,fallback:w_province
429,35.25,114.75,1.0,0.021,0.0,0,1,1.0,0.021,0.021,0.021,fallback:w_province
430,35.25,115.0,1.0,0.7021,0.0,0,1,1.0,0.7021,0.7021,0.7021,fallback:w_province
431,35.25,115.25,1.0,1.0,0.0,0,1,1.0,1.0,1.0,1.0,fallback:w_province
432,35.25,115.5,1.0,1.0,0.0,0,1,1.0,1.0,1.0,1.0,fallback:w_province
433,35.25,115.75,1.0,1.0,0.0,0,1,1.0,1.0,1.0,1.0,fallback:w_province
434,35.25,116.0,1.0,1.0,0.0,0,1,1.0,1.0,1.0,1.0,fallback:w_province
435,35.25,116.25,1.0,1.0,0.0,0,1,1.0,1.0,1.0,1.0,fallback:w_province
436,35.25,116.5,1.0,1.0,0.0,0,1,1.0,1.0,1.0,1.0,fallback:w_province
437,35.25,116.75,1.0,1.0,0.0,0,1,1.0,1.0,1.0,1.0,fallback:w_province
438,35.25,117.0,1.0,1.0,0.0,0,1,1.0,1.0,1.0,1.0,fallback:w_province
439,35.25,117.25,1.0,1.0,0.0,0,1,1.0,1.0,1.0,1.0,fallback:w_province
440,35.25,117.5,1.0,1.0,0.0,0,1,1.0,1.0,1.0,1.0,fallback:w_province
441,35.25,117.75,1.0,1.0,0.0,0,1,1.0,1.0,1.0,1.0,fallback:w_province
442,35.25,118.0,1.0,1.0,0.0,0,1,1.0,1.0,1.0,1.0,fallback:w_province
443,35.25,118.25,1.0,1.0,0.0,0,1,1.0,1.0,1.0,1.0,fallback:w_province
444,35.25,118.5,1.0,1.0,0.0,0,1,1.0,1.0,1.0,1.0,fallback:w_province
445,35.25,118.75,1.0,1.0,0.0,0,1,1.0,1.0,1.0,1.0,fallback:w_province
446,35.25,119.0,1.0,1.0,0.0,0,1,1.0,1.0,1.0,1.0,fallback:w_province
447,35.25,119.25,1.0,1.0,0.0,0,1,1.0,1.0,1.0,1.0,fallback:w_province
448,35.25,119.5,0.0,0.3199,0.0,1,1,1.0,0.3199,0.3199,0.3199,fallback:w_province
449,35.25,119.75,0.0,0.0,0.036,1,1,1.0,0.0,0.0,0.0,fallback:w_province
450,35.25,120.0,0.0,0.0,0.2197,1,1,1.0,0.0,0.0,0.0,fallback:w_province
451,35.25,120.25,0.0,0.0,0.3298,1,1,1.0,0.0,0.0,0.0,fallback:w_province
452,35.25,120.5,0.0,0.0,0.4179,1,1,1.0,0.0,0.0,0.0,fallback:w_province
453,35.25,120.75,0.0,0.0,0.5134,1,0,0.0,0.0,0.0,0.0,fallback:w_province
454,35.25,121.0,0.0,0.0,0.5134,1,0,0.0,0.0,0.0,0.0,fallback:w_province
455,35.25,121.25,0.0,0.0,0.5709,1,0,0.0,0.0,0.0,0.0,fallback:w_province
456,35.25,121.5,0.0,0.0,0.7136,1,0,0.0,0.0,0.0,0.0,fallback:w_province
457,35.25,121.75,0.0,0.0,0.9026,1,0,0.0,0.0,0.0,0.0,fallback:w_province
458,35.25,122.0,0.0,0.0,1.0097,1,0,0.0,0.0,0.0,0.0,fallback:w_province
459,35.25,122.25,0.0,0.0,1.1494,1,0,0.0,0.0,0.0,0.0,fallback:w_province
460,35.25,122.5,0.0,0.0,1.3221,1,0,0.0,0.0,0.0,0.0,fallback:w_province
461,35.25,122.75,0.0,0.0,1.4213,1,0,0.0,0.0,0.0,0.0,fallback:w_province
462,35.0,114.75,1.0,0.0454,0.0,0,1,1.0,0.0454,0.0454,0.0454,fallback:w_province
463,35.0,115.0,1.0,0.5364,0.0,0,1,1.0,0.5364,0.5364,0.5364,fallback:w_province
464,35.0,115.25,1.0,0.8518,0.0,0,1,1.0,0.8518,0.8518,0.8518,fallback:w_province
465,35.0,115.5,1.0,1.0,0.0,0,1,1.0,1.0,1.0,1.0,fallback:w_province
466,35.0,115.75,1.0,1.0,0.0,0,1,1.0,1.0,1.0,1.0,fallback:w_province
467,35.0,116.0,1.0,1.0,0.0,0,1,1.0,1.0,1.0,1.0,fallback:w_province
468,35.0,116.25,1.0,1.0,0.0,0,1,1.0,1.0,1.0,1.0,fallback:w_province
469,35.0,116.5,1.0,0.9009,0.0,0,1,1.0,0.9009,0.9009,0.9009,fallback:w_province
470,35.0,116.75,1.0,0.77,0.0,0,1,1.0,0.77,0.77,0.77,fallback:w_province
471,35.0,117.0,1.0,0.9774,0.0,0,1,1.0,0.9774,0.9774,0.9774,fallback:w_province
472,35.0,117.25,1.0,1.0,0.0,0,1,1.0,1.0,1.0,1.0,fallback:w_province
473,35.0,117.5,1.0,1.0,0.0,0,1,1.0,1.0,1.0,1.0,fallback:w_province
474,35.0,117.75,1.0,1.0,0.0,0,1,1.0,1.0,1.0,1.0,fallback:w_province
475,35.0,118.0,1.0,1.0,0.0,0,1,1.0,1.0,1.0,1.0,fallback:w_province
476,35.0,118.25,1.0,1.0,0.0,0,1,1.0,1.0,1.0,1.0,fallback:w_province
477,35.0,118.5,1.0,1.0,0.0,0,1,1.0,1.0,1.0,1.0,fallback:w_province
478,35.0,118.75,1.0,0.934,0.0,0,1,1.0,0.934,0.934,0.934,fallback:w_province
479,35.0,119.0,1.0,0.3018,0.0,0,1,1.0,0.3018,0.3018,0.3018,fallback:w_province
480,35.0,119.25,0.0,0.1016,0.0,0,1,1.0,0.1016,0.1016,0.1016,fallback:w_province
481,35.0,119.5,0.0,0.0227,0.0,1,1,1.0,0.0227,0.0227,0.0227,fallback:w_province
482,35.0,119.75,0.0,0.0,0.1923,1,1,1.0,0.0,0.0,0.0,fallback:w_province
483,35.0,120.0,0.0,0.0,0.3742,1,1,1.0,0.0,0.0,0.0,fallback:w_province
484,35.0,120.25,0.0,0.0,0.5453,1,0,0.0,0.0,0.0,0.0,fallback:w_province
485,35.0,120.5,0.0,0.0,0.6486,1,0,0.0,0.0,0.0,0.0,fallback:w_province
486,35.0,120.75,0.0,0.0,0.7616,1,0,0.0,0.0,0.0,0.0,fallback:w_province
487,35.0,121.0,0.0,0.0,0.7634,1,0,0.0,0.0,0.0,0.0,fallback:w_province
488,35.0,121.25,0.0,0.0,0.8032,1,0,0.0,0.0,0.0,0.0,fallback:w_province
489,35.0,121.5,0.0,0.0,0.9124,1,0,0.0,0.0,0.0,0.0,fallback:w_province
490,35.0,121.75,0.0,0.0,1.067,1,0,0.0,0.0,0.0,0.0,fallback:w_province
491,35.0,122.0,0.0,0.0,1.2355,1,0,0.0,0.0,0.0,0.0,fallback:w_province
492,35.0,122.25,0.0,0.0,1.3521,1,0,0.0,0.0,0.0,0.0,fallback:w_province
493,35.0,122.5,0.0,0.0,1.5016,1,0,0.0,0.0,0.0,0.0,fallback:w_province
494,35.0,122.75,0.0,0.0,1.6642,1,0,0.0,0.0,0.0,0.0,fallback:w_province
495,34.75,114.75,1.0,0.0,0.1057,0,0,0.0,0.0,0.0,0.0,fallback:w_province
496,34.75,115.0,1.0,0.0,0.0889,0,0,0.0,0.0,0.0,0.0,fallback:w_province
497,34.75,115.25,1.0,0.0553,0.0,0,1,1.0,0.0553,0.0553,0.0553,fallback:w_province
498,34.75,115.5,1.0,0.7808,0.0,0,1,1.0,0.7808,0.7808,0.7808,fallback:w_province
499,34.75,115.75,1.0,1.0,0.0,0,1,1.0,1.0,1.0,1.0,fallback:w_province
500,34.75,116.0,1.0,1.0,0.0,0,1,1.0,1.0,1.0,1.0,fallback:w_province
501,34.75,116.25,1.0,0.9921,0.0,0,1,1.0,0.9921,0.9921,0.9921,fallback:w_province
502,34.75,116.5,1.0,0.0722,0.0,0,1,1.0,0.0722,0.0722,0.0722,fallback:w_province
503,34.75,116.75,1.0,0.0,0.0359,0,0,0.0,0.0,0.0,0.0,fallback:w_province
504,34.75,117.0,1.0,0.4312,0.0,0,1,1.0,0.4312,0.4312,0.4312,fallback:w_province
505,34.75,117.25,1.0,1.0,0.0,0,1,1.0,1.0,1.0,1.0,fallback:w_province
506,34.75,117.5,1.0,1.0,0.0,0,1,1.0,1.0,1.0,1.0,fallback:w_province
507,34.75,117.75,1.0,0.9705,0.0,0,1,1.0,0.9705,0.9705,0.9705,fallback:w_province
508,34.75,118.0,1.0,0.8753,0.0,0,1,1.0,0.8753,0.8753,0.8753,fallback:w_province
509,34.75,118.25,1.0,1.0,0.0,0,1,1.0,1.0,1.0,1.0,fallback:w_province
510,34.75,118.5,1.0,0.8184,0.0,0,1,1.0,0.8184,0.8184,0.8184,fallback:w_province
511,34.75,118.75,1.0,0.4134,0.0,0,1,1.0,0.4134,0.4134,0.4134,fallback:w_province
512,34.75,119.0,1.0,0.0,0.0576,0,0,0.0,0.0,0.0,0.0,fallback:w_province
513,34.75,119.25,0.0,0.0,0.1803,0,0,0.0,0.0,0.0,0.0,fallback:w_province
514,34.75,119.5,0.0,0.0,0.1953,0,0,0.0,0.0,0.0,0.0,fallback:w_province
515,34.75,119.75,0.0,0.0,0.3049,0,0,0.0,0.0,0.0,0.0,fallback:w_province
516,34.75,120.0,0.0,0.0,0.5018,0,0,0.0,0.0,0.0,0.0,fallback:w_province
517,34.75,120.25,0.0,0.0,0.7224,0,0,0.0,0.0,0.0,0.0,fallback:w_province
518,34.75,120.5,0.0,0.0,0.8852,0,0,0.0,0.0,0.0,0.0,fallback:w_province
519,34.75,120.75,0.0,0.0,0.9769,0,0,0.0,0.0,0.0,0.0,fallback:w_province
520,34.75,121.0,0.0,0.0,1.0134,0,0,0.0,0.0,0.0,0.0,fallback:w_province
521,34.75,121.25,0.0,0.0,1.0437,0,0,0.0,0.0,0.0,0.0,fallback:w_province
522,34.75,121.5,0.0,0.0,1.1299,0,0,0.0,0.0,0.0,0.0,fallback:w_province
523,34.75,121.75,0.0,0.0,1.2598,0,0,0.0,0.0,0.0,0.0,fallback:w_province
524,34.75,122.0,0.0,0.0,1.4204,0,0,0.0,0.0,0.0,0.0,fallback:w_province
525,34.75,122.25,0.0,0.0,1.5685,0,0,0.0,0.0,0.0,0.0,fallback:w_province
526,34.75,122.5,0.0,0.0,1.6991,0,0,0.0,0.0,0.0,0.0,fallback:w_province
527,34.75,122.75,0.0,0.0,1.8544,0,0,0.0,0.0,0.0,0.0,fallback:w_province
528,34.5,114.75,1.0,0.0,0.3472,0,0,0.0,0.0,0.0,0.0,fallback:w_province
529,34.5,115.0,1.0,0.0,0.2544,0,0,0.0,0.0,0.0,0.0,fallback:w_province
530,34.5,115.25,1.0,0.0,0.0855,0,0,0.0,0.0,0.0,0.0,fallback:w_province
531,34.5,115.5,1.0,0.1042,0.0,0,1,1.0,0.1042,0.1042,0.1042,fallback:w_province
532,34.5,115.75,1.0,0.2017,0.0,0,1,1.0,0.2017,0.2017,0.2017,fallback:w_province
533,34.5,116.0,1.0,0.13,0.0,0,1,1.0,0.13,0.13,0.13,fallback:w_province
534,34.5,116.25,1.0,0.1634,0.0,0,1,1.0,0.1634,0.1634,0.1634,fallback:w_province
535,34.5,116.5,1.0,0.0,0.0087,0,0,0.0,0.0,0.0,0.0,fallback:w_province
536,34.5,116.75,1.0,0.0,0.173,0,0,0.0,0.0,0.0,0.0,fallback:w_province
537,34.5,117.0,1.0,0.0016,0.0,0,0,0.0,0.0,0.0,0.0,fallback:w_province
538,34.5,117.25,1.0,0.4548,0.0,0,1,1.0,0.4548,0.4548,0.4548,fallback:w_province
539,34.5,117.5,1.0,0.511,0.0,0,1,1.0,0.511,0.511,0.511,fallback:w_province
540,34.5,117.75,1.0,0.275,0.0,0,1,1.0,0.275,0.275,0.275,fallback:w_province
541,34.5,118.0,1.0,0.0264,0.0,0,1,1.0,0.0264,0.0264,0.0264,fallback:w_province
542,34.5,118.25,1.0,0.7779,0.0,0,1,1.0,0.7779,0.7779,0.7779,fallback:w_province
543,34.5,118.5,1.0,0.1676,0.0,0,1,1.0,0.1676,0.1676,0.1676,fallback:w_province
544,34.5,118.75,1.0,0.0,0.0533,0,0,0.0,0.0,0.0,0.0,fallback:w_province
545,34.5,119.0,1.0,0.0,0.1334,0,0,0.0,0.0,0.0,0.0,fallback:w_province
546,34.5,119.25,1.0,0.0,0.3551,0,0,0.0,0.0,0.0,0.0,fallback:w_province
547,34.5,119.5,1.0,0.0,0.4453,0,0,0.0,0.0,0.0,0.0,fallback:w_province
548,34.5,119.75,1.0,0.0,0.5081,0,0,0.0,0.0,0.0,0.0,fallback:w_province
549,34.5,120.0,0.0,0.0,0.6576,0,0,0.0,0.0,0.0,0.0,fallback:w_province
550,34.5,120.25,0.0,0.0,0.8463,0,0,0.0,0.0,0.0,0.0,fallback:w_province
551,34.5,120.5,0.0,0.0,1.0607,0,0,0.0,0.0,0.0,0.0,fallback:w_province
552,34.5,120.75,0.0,0.0,1.2044,0,0,0.0,0.0,0.0,0.0,fallback:w_province
553,34.5,121.0,0.0,0.0,1.2634,0,0,0.0,0.0,0.0,0.0,fallback:w_province
554,34.5,121.25,0.0,0.0,1.2879,0,0,0.0,0.0,0.0,0.0,fallback:w_province
555,34.5,121.5,0.0,0.0,1.3586,0,0,0.0,0.0,0.0,0.0,fallback:w_province
556,34.5,121.75,0.0,0.0,1.4691,0,0,0.0,0.0,0.0,0.0,fallback:w_province
557,34.5,122.0,0.0,0.0,1.6097,0,0,0.0,0.0,0.0,0.0,fallback:w_province
558,34.5,122.25,0.0,0.0,1.7739,0,0,0.0,0.0,0.0,0.0,fallback:w_province
559,34.5,122.5,0.0,0.0,1.909,0,0,0.0,0.0,0.0,0.0,fallback:w_province
560,34.5,122.75,0.0,0.0,2.0484,0,0,0.0,0.0,0.0,0.0,fallback:w_province
561,34.25,114.75,1.0,0.0,0.5957,0,0,0.0,0.0,0.0,0.0,fallback:w_province
562,34.25,115.0,1.0,0.0,0.4266,0,0,0.0,0.0,0.0,0.0,fallback:w_province
563,34.25,115.25,1.0,0.0,0.2507,0,0,0.0,0.0,0.0,0.0,fallback:w_province
564,34.25,115.5,1.0,0.0,0.1873,0,0,0.0,0.0,0.0,0.0,fallback:w_province
565,34.25,115.75,1.0,0.0,0.1806,0,0,0.0,0.0,0.0,0.0,fallback:w_province
566,34.25,116.0,1.0,0.0,0.1795,0,0,0.0,0.0,0.0,0.0,fallback:w_province
567,34.25,116.25,1.0,0.0,0.1768,0,0,0.0,0.0,0.0,0.0,fallback:w_province
568,34.25,116.5,1.0,0.0,0.2178,0,0,0.0,0.0,0.0,0.0,fallback:w_province
569,34.25,116.75,1.0,0.0,0.2954,0,0,0.0,0.0,0.0,0.0,fallback:w_province
570,34.25,117.0,1.0,0.0,0.0725,0,0,0.0,0.0,0.0,0.0,fallback:w_province
571,34.25,117.25,1.0,0.0,0.0595,0,0,0.0,0.0,0.0,0.0,fallback:w_province
572,34.25,117.5,1.0,0.0,0.0875,0,0,0.0,0.0,0.0,0.0,fallback:w_province
573,34.25,117.75,1.0,0.0,0.0934,0,0,0.0,0.0,0.0,0.0,fallback:w_province
574,34.25,118.0,1.0,0.0,0.0459,0,0,0.0,0.0,0.0,0.0,fallback:w_province
575,34.25,118.25,1.0,0.0,0.0024,0,0,0.0,0.0,0.0,0.0,fallback:w_province
576,34.25,118.5,1.0,0.0,0.0405,0,0,0.0,0.0,0.0,0.0,fallback:w_province
577,34.25,118.75,1.0,0.0,0.2251,0,0,0.0,0.0,0.0,0.0,fallback:w_province
578,34.25,119.0,1.0,0.0,0.3464,0,0,0.0,0.0,0.0,0.0,fallback:w_province
579,34.25,119.25,1.0,0.0,0.4869,0,0,0.0,0.0,0.0,0.0,fallback:w_province
580,34.25,119.5,1.0,0.0,0.6859,0,0,0.0,0.0,0.0,0.0,fallback:w_province
581,34.25,119.75,1.0,0.0,0.7371,0,0,0.0,0.0,0.0,0.0,fallback:w_province
582,34.25,120.0,1.0,0.0,0.8533,0,0,0.0,0.0,0.0,0.0,fallback:w_province
583,34.25,120.25,1.0,0.0,1.0109,0,0,0.0,0.0,0.0,0.0,fallback:w_province
584,34.25,120.5,0.0,0.0,1.1961,0,0,0.0,0.0,0.0,0.0,fallback:w_province
585,34.25,120.75,0.0,0.0,1.4016,0,0,0.0,0.0,0.0,0.0,fallback:w_province
586,34.25,121.0,0.0,0.0,1.5134,0,0,0.0,0.0,0.0,0.0,fallback:w_province
587,34.25,121.25,0.0,0.0,1.5339,0,0,0.0,0.0,0.0,0.0,fallback:w_province
588,34.25,121.5,0.0,0.0,1.5938,0,0,0.0,0.0,0.0,0.0,fallback:w_province
589,34.25,121.75,0.0,0.0,1.6889,0,0,0.0,0.0,0.0,0.0,fallback:w_province
590,34.25,122.0,0.0,0.0,1.8138,0,0,0.0,0.0,0.0,0.0,fallback:w_province
591,34.25,122.25,0.0,0.0,1.961,0,0,0.0,0.0,0.0,0.0,fallback:w_province
592,34.25,122.5,0.0,0.0,2.1275,0,0,0.0,0.0,0.0,0.0,fallback:w_province
593,34.25,122.75,0.0,0.0,2.2534,0,0,0.0,0.0,0.0,0.0,fallback:w_province
