latitude,longitude,installation_year,sea_name,water_depth_m,distance_to_shore_km
37.244593,119.5885,2022,Bohai,-6.96,12.07
37.264612,119.419888,2022,Bohai,-8.12,15.67
37.78444,120.272229,2024,Bohai,-14.71,13.6
37.260596,119.433091,2022,Bohai,-8.12,15.41
37.258535,119.439697,2022,Bohai,-8.11,15.08
37.806747,120.280103,2024,Bohai,-15.71,16.22
37.252445,119.459409,2022,Bohai,-8.1,13.39
37.246006,119.414047,2022,Bohai,-8.11,13
37.233911,119.448081,2022,Bohai,-7.09,11.58
37.232445,119.454522,2022,Bohai,-7.08,11.08
38.012013,119.332101,2023,Bohai,-18.78,16.78
37.261361,119.609608,2022,Bohai,-7.91,15.15
37.261286,119.629218,2022,Bohai,-7.9,15.29
38.00024,119.219263,2025,Bohai,-14.77,14.03
37.999184,119.233694,2025,Bohai,-14.77,13.53
37.261104,119.562629,2022,Bohai,-8.12,13.7
37.99721,119.262539,2025,Bohai,-15.71,12.85
38.035406,119.299825,2023,Bohai,-17.77,18.69
37.258059,119.658672,2022,Bohai,-7.93,14.38
38.307177,118.872303,2022,Bohai,-18.2,22.51
37.244928,119.654095,2022,Bohai,-6.95,12.66
37.244848,119.610343,2022,Bohai,-6.93,13.11
37.244597,119.566649,2022,Bohai,-7.99,11.46
37.244594,119.577579,2022,Bohai,-6.97,11.71
37.238746,119.680035,2022,Bohai,-7,11.55
38.043844,119.230618,2023,Bohai,-15.76,19.78
37.228524,119.633341,2022,Bohai,-6.94,10.69
38.042332,119.244376,2023,Bohai,-15.75,19.34
37.228433,119.649035,2022,Bohai,-6.97,10.52
37.228346,119.664726,2022,Bohai,-7,10.18
38.300144,118.765457,2022,Bohai,-16.29,17.67
37.228524,119.602011,2022,Bohai,-5.95,10.71
37.228273,119.625556,2022,Bohai,-6.94,10.73
37.228138,119.586365,2022,Bohai,-5.97,9.85
37.228085,119.594243,2022,Bohai,-5.96,10.23
37.228022,119.578578,2022,Bohai,-5.98,9.52
38.290705,118.844563,2022,Bohai,-16.35,19.26
38.023467,119.214493,2023,Bohai,-14.89,17.35
38.022795,119.221404,2023,Bohai,-15.74,17.08
38.02192,119.228351,2023,Bohai,-15.74,16.8
38.288845,118.983301,2022,Bohai,-19.2,23.83
37.228273,119.671075,2022,Bohai,-6.86,10.1
37.29432,119.441354,2022,Bohai,-8.9,19.14
37.291983,119.453156,2022,Bohai,-9.06,18.84
38.284605,118.777088,2022,Bohai,-14.42,15.65
38.284452,118.783393,2022,Bohai,-15.27,15.77
38.016533,119.290497,2023,Bohai,-16.76,15.86
38.284318,118.78966,2022,Bohai,-15.26,15.92
37.286409,119.420491,2022,Bohai,-9.07,17.06
37.286045,119.477102,2022,Bohai,-8.05,17.41
37.284759,119.425948,2022,Bohai,-9.07,17.7
37.282829,119.431438,2022,Bohai,-9.08,18.36
37.280133,119.438872,2022,Bohai,-9.08,17.84
37.27776,119.445938,2022,Bohai,-9.09,17.23
37.275008,119.453633,2022,Bohai,-9.09,16.57
37.269962,119.468419,2022,Bohai,-8.1,15.41
37.267885,119.408151,2022,Bohai,-8.26,15.97
37.999401,119.226568,2025,Bohai,-14.77,13.73
38.275376,119.064393,2022,Bohai,-21.1,27.37
37.997831,119.255312,2025,Bohai,-15.73,12.97
37.256153,119.446376,2022,Bohai,-8.11,14.45
38.343526,118.483745,2022,Bohai,-13.81,34.16
38.342828,118.490191,2022,Bohai,-14.66,34.2
38.342687,118.496397,2022,Bohai,-14.8,34.34
38.341679,118.502809,2022,Bohai,-15.66,34.37
38.341517,118.509047,2022,Bohai,-15.66,34.53
38.34126,118.477474,2022,Bohai,-13.67,33.71
38.341131,118.515308,2022,Bohai,-15.65,34.11
38.340327,118.521657,2022,Bohai,-15.65,33.64
38.339944,118.527936,2022,Bohai,-15.65,33.23
38.339323,118.534233,2022,Bohai,-15.64,32.79
37.235744,119.441972,2022,Bohai,-7.1,12.01
38.338911,118.540523,2022,Bohai,-15.63,32.4
38.338325,118.546836,2022,Bohai,-15.63,31.99
38.33775,118.55316,2022,Bohai,-15.62,31.6
37.231093,119.460792,2022,Bohai,-7.08,10.59
37.229591,119.467094,2022,Bohai,-7.22,10.11
38.336511,118.464983,2022,Bohai,-13.68,32.83
38.335675,118.578309,2022,Bohai,-15.58,29.77
38.33549,118.584569,2022,Bohai,-15.57,29.3
38.334809,118.590923,2022,Bohai,-15.55,28.78
38.334355,118.597218,2022,Bohai,-15.54,28.3
37.250339,119.466115,2022,Bohai,-8.09,12.85
38.333418,118.603601,2022,Bohai,-15.53,27.76
38.332921,118.609889,2022,Bohai,-15.52,27.3
38.0454,119.216857,2023,Bohai,-15.76,20.31
38.044532,119.223779,2023,Bohai,-15.76,20.03
38.33163,118.452554,2022,Bohai,-13.69,31.98
38.043036,119.237505,2023,Bohai,-15.75,19.54
38.329328,118.44627,2022,Bohai,-12.7,31.59
38.041173,119.251284,2023,Bohai,-15.89,19.11
38.040511,119.25824,2023,Bohai,-16.75,18.97
38.039594,119.265169,2023,Bohai,-16.76,18.84
38.039206,119.272075,2023,Bohai,-16.76,18.8
38.037953,119.279035,2023,Bohai,-16.76,18.68
38.03729,119.285914,2023,Bohai,-17.76,18.68
38.036397,119.292784,2023,Bohai,-17.76,18.67
38.31979,118.691135,2025,Bohai,-16.4,21.48
38.030887,119.235848,2023,Bohai,-14.74,17.87
38.024745,119.200646,2023,Bohai,-14.76,17.93
38.024072,119.2076,2023,Bohai,-14.75,17.62
38.318663,118.703577,2025,Bohai,-16.4,20.93
38.31791,118.69734,2025,Bohai,-16.4,21.02
38.317533,118.715987,2025,Bohai,-16.39,20.46
38.021335,119.235278,2023,Bohai,-15.74,16.55
38.020694,119.242141,2023,Bohai,-15.74,16.34
38.019965,119.249107,2023,Bohai,-15.74,16.14
38.019395,119.256006,2023,Bohai,-15.74,16
38.018908,119.262865,2023,Bohai,-15.74,15.91
38.018082,119.269845,2023,Bohai,-14.74,15.81
38.017407,119.276717,2023,Bohai,-14.89,15.77
38.306523,118.853463,2022,Bohai,-18.21,21.69
38.016772,119.283623,2023,Bohai,-15.89,15.77
38.015699,119.297461,2023,Bohai,-16.76,15.92
38.014614,119.304457,2023,Bohai,-17.77,15.97
38.013904,119.318177,2023,Bohai,-17.92,16.38
38.012937,119.325136,2023,Bohai,-18.78,16.56
38.301962,118.791995,2022,Bohai,-16.27,18.41
38.011292,119.339013,2023,Bohai,-18.92,17.05
38.010826,119.345895,2023,Bohai,-18.76,17.39
38.000719,119.212083,2025,Bohai,-14.77,14.31
38.299713,118.758768,2022,Bohai,-15.46,17.56
38.299259,118.752139,2022,Bohai,-15.32,17.48
38.296931,118.935995,2023,Bohai,-17.18,22.52
37.998242,119.248166,2025,Bohai,-15.74,13.1
38.014001,119.31136,2023,Bohai,-17.77,16.13
38.291148,118.969777,2023,Bohai,-19.2,23.41
37.996801,119.269752,2025,Bohai,-15.86,12.81
38.290432,118.639774,2022,Bohai,-13.46,20.47
38.307526,118.866005,2022,Bohai,-18.2,22.54
38.28985,118.85089,2022,Bohai,-17.2,19.55
38.289311,118.631188,2022,Bohai,-13.47,20.94
38.289417,118.85725,2022,Bohai,-17.19,19.91
38.287778,118.990009,2022,Bohai,-19.19,24.01
38.289154,118.622437,2022,Bohai,-13.48,21.56
38.288162,118.613789,2022,Bohai,-13.49,22.12
38.338939,118.471239,2022,Bohai,-13.68,33.27
38.287158,118.862908,2022,Bohai,-17.18,19.65
38.286639,118.99679,2023,Bohai,-19.19,24.22
38.337026,118.559526,2022,Bohai,-15.61,31.19
38.336806,118.565697,2022,Bohai,-15.6,30.82
38.285255,118.751897,2022,Bohai,-13.33,15.49
38.284646,118.770792,2022,Bohai,-14.29,15.55
38.333929,118.458801,2022,Bohai,-13.69,32.38
38.332404,118.616194,2022,Bohai,-15.52,26.83
38.331703,118.622514,2022,Bohai,-15.66,26.36
38.331445,118.628747,2022,Bohai,-16.5,25.96
38.326843,118.440062,2022,Bohai,-12.7,31.03
38.324386,118.433834,2022,Bohai,-11.71,30.48
38.32223,118.427561,2022,Bohai,-11.71,29.98
38.32148,118.666441,2025,Bohai,-15.42,22.72
38.32075,118.672677,2025,Bohai,-15.42,22.34
38.320296,118.67887,2025,Bohai,-15.41,22.02
38.319807,118.685061,2025,Bohai,-15.41,21.71
38.319825,118.421278,2022,Bohai,-12.73,29.46
38.31791,118.709804,2025,Bohai,-16.39,20.66
38.317354,118.415084,2022,Bohai,-12.74,28.94
38.317289,118.722098,2025,Bohai,-16.39,20.31
38.316529,118.72838,2025,Bohai,-16.39,20.1
38.315423,118.734324,2025,Bohai,-16.38,19.87
38.307,118.859742,2022,Bohai,-18.2,22.12
38.305136,118.834725,2022,Bohai,-18.24,20.5
38.305575,118.841004,2022,Bohai,-18.23,20.88
38.302431,118.798679,2022,Bohai,-17.26,18.67
38.301557,118.785376,2022,Bohai,-16.28,18.19
38.301021,118.778709,2022,Bohai,-17.14,17.98
38.300473,118.772113,2022,Bohai,-16.29,17.79
38.266025,118.594949,2022,Bohai,-10.52,20.42
38.266375,118.657853,2022,Bohai,-10.44,16.54
38.295498,118.942837,2023,Bohai,-17.19,22.62
38.294337,118.949582,2023,Bohai,-18.19,22.77
38.293168,118.956362,2023,Bohai,-19.2,22.95
38.266049,119.028469,2023,Bohai,-19.3,23.73
38.26578,118.582394,2022,Bohai,-10.56,21.09
38.266109,118.613826,2022,Bohai,-10.5,19.48
38.289849,118.838267,2022,Bohai,-16.23,18.79
38.265291,118.557313,2022,Bohai,-11.61,22.61
38.290066,118.97652,2023,Bohai,-19.2,23.66
38.265924,118.607557,2022,Bohai,-10.51,19.78
38.265732,118.588712,2022,Bohai,-10.54,20.72
38.265303,118.544702,2023,Bohai,-10.62,23.47
38.265487,118.569893,2022,Bohai,-10.58,21.81
38.265673,118.576131,2022,Bohai,-10.58,21.45
38.265359,118.551002,2022,Bohai,-10.76,23.06
38.287463,118.602082,2023,Bohai,-13.51,22.78
38.286894,118.795204,2022,Bohai,-15.25,16.45
38.263839,119.05549,2023,Bohai,-20.12,25.51
38.286313,118.758254,2022,Bohai,-13.31,15.66
38.28596,118.764453,2022,Bohai,-13.45,15.65
38.262803,119.071104,2023,Bohai,-19.09,26.15
38.284612,118.868514,2022,Bohai,-17.18,19.29
38.284543,119.010257,2022,Bohai,-19.19,24.7
38.261352,119.086751,2023,Bohai,-20.05,26.8
38.28323,119.017063,2022,Bohai,-20.19,24.95
38.281942,118.873808,2022,Bohai,-16.17,18.94
38.281997,119.023823,2022,Bohai,-21.19,25.23
38.280737,119.030595,2022,Bohai,-21.19,25.52
38.278926,119.041823,2022,Bohai,-21.15,26.09
38.277669,119.04936,2022,Bohai,-21.13,26.49
38.276352,119.056893,2022,Bohai,-21.11,26.9
38.275722,118.883602,2022,Bohai,-16.32,18.16
38.274107,119.071962,2022,Bohai,-21.08,27.63
38.272792,118.88897,2022,Bohai,-17.17,17.83
38.272648,119.079552,2022,Bohai,-21.07,27.82
38.271891,118.937423,2023,Bohai,-17.19,19.31
38.271637,119.087016,2022,Bohai,-21.05,28.08
38.271267,118.894899,2022,Bohai,-17.18,17.74
38.270338,119.094568,2022,Bohai,-20.03,28.34
38.2686,118.999776,2023,Bohai,-19.17,22.17
38.268718,118.942864,2023,Bohai,-17.19,19.18
38.26872,119.102209,2023,Bohai,-20.02,28.58
38.268072,119.006925,2023,Bohai,-19.31,22.54
38.268081,118.899754,2022,Bohai,-17.18,17.41
38.267339,118.906175,2022,Bohai,-17.18,17.49
38.26731,119.014141,2023,Bohai,-19.16,22.91
38.266711,119.021323,2023,Bohai,-19.16,23.31
38.266677,118.664072,2022,Bohai,-10.58,16.15
38.266572,118.670413,2022,Bohai,-11.43,15.72
38.266426,118.63895,2022,Bohai,-11.47,17.96
38.26635,118.645276,2022,Bohai,-11.46,17.46
38.266557,118.651514,2022,Bohai,-11.31,17.02
38.250792,118.895065,2023,Bohai,-16.17,14.91
38.266117,118.948267,2023,Bohai,-18.18,19.14
38.26624,118.620106,2022,Bohai,-11.49,19.2
38.266119,118.626432,2022,Bohai,-11.49,18.91
38.266234,118.632681,2022,Bohai,-11.48,18.43
38.265929,118.601294,2022,Bohai,-10.52,20.09
38.265629,118.563535,2022,Bohai,-11.46,22.24
37.261433,119.619418,2022,Bohai,-7.9,15.38
37.261384,119.639042,2022,Bohai,-7.9,15.21
37.261442,119.648805,2022,Bohai,-7.91,15.04
37.26123,119.580153,2023,Bohai,-8.95,14.04
37.261243,119.59003,2022,Bohai,-8.93,14.33
38.26529,119.039787,2023,Bohai,-20.14,24.47
38.264381,118.854796,2023,Bohai,-14.17,16.45
37.261266,119.570775,2022,Bohai,-8.97,13.84
37.261254,119.599823,2022,Bohai,-8.78,14.7
38.262876,118.953758,2023,Bohai,-18.18,19.05
37.244982,119.643157,2022,Bohai,-6.93,12.88
37.2451,119.664987,2022,Bohai,-6.97,12.5
38.262319,118.860535,2023,Bohai,-15.16,16.13
38.261721,118.966706,2023,Bohai,-17.17,19.56
38.261675,118.96014,2023,Bohai,-18.03,19.27
38.259828,119.102504,2023,Bohai,-19.02,27.54
37.2399,119.673922,2022,Bohai,-6.99,11.71
38.260182,118.866369,2023,Bohai,-15.3,15.83
37.238691,119.686276,2022,Bohai,-7.01,11.58
38.259174,118.872639,2023,Bohai,-16.16,15.71
38.257298,118.878562,2023,Bohai,-16.16,15.5
37.228339,119.609881,2022,Bohai,-6.09,10.81
37.228466,119.617669,2022,Bohai,-6.94,10.78
38.253582,118.88306,2023,Bohai,-15.17,15.04
38.251335,118.907817,2023,Bohai,-16.18,15.37
38.251015,119.083103,2022,Bohai,-20.06,25.33
38.251012,118.985401,2022,Bohai,-16.3,19.2
37.228445,119.641183,2022,Bohai,-6.95,10.6
37.228163,119.570711,2022,Bohai,-5.99,9.29
38.251015,119.056985,2022,Bohai,-19.12,23.96
37.228323,119.656904,2022,Bohai,-6.98,10.32
37.228007,119.564294,2022,Bohai,-6.01,9.13
38.251071,119.005365,2022,Bohai,-17.3,20.47
37.258115,119.66848,2022,Bohai,-6.94,14.28
38.251125,119.03734,2022,Bohai,-19.15,22.81
38.251266,118.888595,2023,Bohai,-15.17,14.82
38.250957,118.992072,2023,Bohai,-17.16,19.6
38.251163,119.018631,2022,Bohai,-18.16,21.41
37.2961,119.435359,2022,Bohai,-9.05,18.44
38.251051,118.901452,2023,Bohai,-16.18,15.12
37.293383,119.447198,2022,Bohai,-8.19,19.23
38.251203,118.978692,2023,Bohai,-16.16,18.84
37.290544,119.409445,2022,Bohai,-9.06,15.73
37.290413,119.45916,2022,Bohai,-9.06,18.44
37.288443,119.415007,2022,Bohai,-9.06,16.4
38.250995,119.096189,2023,Bohai,-19.03,26.11
38.251051,119.102692,2022,Bohai,-19.02,26.53
37.284735,119.483076,2022,Bohai,-8.05,17.13
38.251059,118.998695,2022,Bohai,-17.16,20.03
38.251007,119.070011,2022,Bohai,-20.09,24.61
38.251041,119.076555,2022,Bohai,-20.08,24.96
38.251232,119.08961,2023,Bohai,-19.9,25.74
38.251106,119.011942,2022,Bohai,-18.16,20.93
38.251015,119.025341,2022,Bohai,-19.16,21.88
38.251132,119.043881,2022,Bohai,-19.14,23.32
37.266159,119.413863,2022,Bohai,-8.12,15.79
37.265021,119.483171,2022,Bohai,-9.08,14.4
38.250947,119.050448,2022,Bohai,-19.13,23.65
38.336055,118.572083,2022,Bohai,-15.59,30.26
38.306043,118.847208,2022,Bohai,-18.22,21.28
37.254916,119.483238,2022,Bohai,-8.07,13
37.254724,119.452847,2022,Bohai,-8.1,13.96
38.292234,118.963,2023,Bohai,-19.2,23.17
38.289565,118.831837,2022,Bohai,-16.23,18.4
37.248669,119.472629,2022,Bohai,-7.94,12.41
37.248722,119.486002,2022,Bohai,-7.06,12.1
37.246445,119.479268,2022,Bohai,-7.07,11.93
37.873581,120.310681,2023,Bohai,-16.84,17.28
37.244553,119.485776,2022,Bohai,-7.06,11.52
37.24167,119.417787,2022,Bohai,-7.96,12.46
37.23846,119.429951,2022,Bohai,-7.11,12.33
37.237019,119.435957,2022,Bohai,-7.1,12.35
37.873429,120.302594,2023,Bohai,-16.7,17.94
37.234865,119.48592,2022,Bohai,-7.06,10.19
37.873425,120.318967,2023,Bohai,-17.7,16.6
37.873362,120.327192,2023,Bohai,-17.56,15.96
37.873464,120.368158,2023,Bohai,-16.74,13.31
37.228072,119.473446,2022,Bohai,-8.07,9.65
37.226436,119.479755,2022,Bohai,-8.07,9.21
37.225024,119.48608,2022,Bohai,-8.06,8.84
37.289068,119.465182,2022,Bohai,-9.06,18.09
37.287573,119.471084,2022,Bohai,-8.91,17.74
37.275067,119.482054,2022,Bohai,-9.06,15.8
37.873316,120.392828,2023,Bohai,-15.78,12.23
37.87331,120.335391,2023,Bohai,-16.71,15.35
37.87329,120.35184,2023,Bohai,-16.72,14.23
37.873299,120.359985,2023,Bohai,-16.73,13.74
37.240091,119.423853,2022,Bohai,-7.11,12.38
37.873267,120.376431,2023,Bohai,-16.75,12.87
37.873332,120.343605,2023,Bohai,-16.72,14.78
37.873236,120.384674,2023,Bohai,-15.76,12.51
37.87323,120.40108,2023,Bohai,-15.79,11.99
37.865181,120.294079,2023,Bohai,-16.7,17.96
37.86046,120.363254,2023,Bohai,-16.59,12.02
37.859364,120.371442,2023,Bohai,-15.6,11.4
37.859298,120.387905,2023,Bohai,-14.77,10.55
37.859244,120.396126,2023,Bohai,-14.93,10.23
37.859238,120.379752,2023,Bohai,-14.76,10.93
37.851267,120.288595,2023,Bohai,-16.7,17.41
37.851209,120.280642,2023,Bohai,-16.7,18.18
37.851188,120.328845,2023,Bohai,-16.71,13.68
37.851199,120.336924,2023,Bohai,-16.72,13
37.851199,120.304683,2023,Bohai,-16.7,15.87
37.851084,120.312788,2023,Bohai,-16.71,15.11
37.851076,120.320837,2023,Bohai,-16.71,14.38
37.842777,120.272221,2023,Bohai,-16.7,18.5
37.829036,120.258682,2023,Bohai,-16.72,19.24
37.829041,120.282182,2023,Bohai,-16.72,16.76
37.828906,120.321545,2023,Bohai,-16.71,12.69
37.828915,120.266486,2023,Bohai,-16.72,18.41
37.82897,120.274337,2023,Bohai,-16.72,17.58
37.828905,120.297989,2023,Bohai,-16.71,15.1
37.828856,120.30589,2023,Bohai,-16.71,14.28
37.828915,120.313709,2023,Bohai,-16.71,13.49
37.82885,120.290095,2023,Bohai,-16.71,15.92
37.828722,120.345169,2023,Bohai,-16.72,10.37
37.820755,120.326899,2023,Bohai,-16.71,11.69
37.820277,120.334812,2023,Bohai,-16.71,10.85
37.819252,120.249202,2023,Bohai,-16.72,18.42
37.819198,120.312639,2023,Bohai,-16.71,13.1
37.806749,120.255625,2024,Bohai,-16.72,16.72
37.80668,120.271974,2024,Bohai,-15.72,16.72
37.806772,120.239435,2024,Bohai,-16.71,16.61
37.806747,120.247518,2024,Bohai,-16.71,16.65
37.806684,120.263833,2024,Bohai,-15.72,16.69
37.806569,120.296424,2024,Bohai,-15.71,14.42
37.806738,120.304512,2024,Bohai,-15.71,13.54
37.806689,120.312704,2024,Bohai,-16.7,12.64
37.806496,120.288328,2024,Bohai,-15.71,15.31
37.806611,120.320682,2024,Bohai,-16.7,11.77
37.799327,120.309407,2024,Bohai,-15.7,12.85
37.792728,120.271717,2024,Bohai,-14.71,14.76
37.792728,120.287036,2024,Bohai,-15.71,14.97
37.78457,120.239338,2024,Bohai,-16.71,13.48
37.784591,120.263988,2024,Bohai,-14.71,13.58
37.784518,120.288696,2024,Bohai,-15.7,13.82
37.784364,120.280503,2024,Bohai,-14.7,13.69
37.873295,120.410336,2023,Bohai,-16.79,11.82
37.851199,120.296678,2023,Bohai,-16.7,16.62
38.279433,118.879461,2022,Bohai,-16.17,18.64
38.00304,119.271244,2025,Bohai,-15.72,13.7
37.963483,121.858878,2023,Yellow Sea,-40.44,57.39
37.954311,121.874682,2023,Yellow Sea,-38.53,57.22
37.952322,121.858879,2023,Yellow Sea,-38.42,56.04
37.940322,121.859473,2023,Yellow Sea,-37.4,54.64
37.939431,121.870412,2023,Yellow Sea,-37.38,55.2
37.937799,121.881463,2023,Yellow Sea,-37.35,55.65
37.935799,121.892463,2023,Yellow Sea,-37.34,54.92
37.933931,121.904162,2023,Yellow Sea,-38.32,54.2
37.931304,121.913978,2023,Yellow Sea,-38.31,53.48
37.92546,121.860448,2023,Yellow Sea,-35.37,52.95
37.92363,121.874753,2023,Yellow Sea,-36.35,53.64
37.921561,121.88906,2023,Yellow Sea,-37.33,53.21
37.919669,121.902884,2023,Yellow Sea,-39.45,52.38
37.918194,121.913825,2023,Yellow Sea,-40.16,51.75
37.916452,121.858232,2023,Yellow Sea,-35.37,51.75
37.910404,121.866552,2023,Yellow Sea,-34.35,51.59
37.908454,121.882279,2023,Yellow Sea,-35.33,51.83
37.906507,121.871932,2023,Yellow Sea,-34.34,51.5
37.904023,121.858255,2023,Yellow Sea,-34.21,50.32
37.903919,121.913763,2023,Yellow Sea,-36.3,49.87
37.896585,121.863273,2023,Yellow Sea,-33.34,49.8
37.894992,121.873308,2023,Yellow Sea,-33.48,50.3
37.892372,121.893286,2023,Yellow Sea,-33.32,49.25
37.890964,121.903258,2023,Yellow Sea,-34.31,48.62
37.889408,121.913904,2023,Yellow Sea,-34.31,47.96
37.885781,121.858354,2023,Yellow Sea,-32.35,48.25
37.881309,121.869355,2023,Yellow Sea,-32.35,48.51
37.88002,121.880218,2023,Yellow Sea,-32.34,48.31
37.878251,121.891376,2023,Yellow Sea,-32.34,47.54
37.876765,121.902865,2023,Yellow Sea,-33.33,46.81
37.875399,121.913212,2023,Yellow Sea,-33.33,46.17
37.95946,121.86652,2023,Yellow Sea,-40.42,57.35
37.906092,121.898038,2023,Yellow Sea,-36.45,50.81
37.893477,121.883329,2023,Yellow Sea,-34.33,49.86
38.158305,122.161122,2025,Yellow Sea,-51.37,73.17
38.158716,122.170234,2025,Yellow Sea,-51.37,73.11
38.157987,122.151982,2025,Yellow Sea,-52.37,73.22
38.156794,122.143124,2025,Yellow Sea,-53.23,73.42
38.15643,122.134031,2025,Yellow Sea,-53.38,73.51
38.155577,122.125054,2025,Yellow Sea,-53.38,73.68
38.154909,122.116028,2025,Yellow Sea,-53.37,73.84
38.154245,122.107064,2025,Yellow Sea,-53.37,74.01
38.153586,122.098009,2025,Yellow Sea,-53.37,74.19
38.146969,122.178311,2025,Yellow Sea,-53.37,74.79
38.145893,122.165676,2025,Yellow Sea,-53.37,74.93
38.145114,122.153148,2025,Yellow Sea,-54.37,75.04
38.144039,122.140637,2025,Yellow Sea,-54.37,75.23
38.143174,122.128041,2025,Yellow Sea,-54.37,75.41
38.141964,122.115541,2025,Yellow Sea,-53.36,75.67
38.141606,122.102843,2025,Yellow Sea,-53.37,75.83
38.134846,122.186487,2025,Yellow Sea,-54.37,76.53
38.134043,122.173331,2025,Yellow Sea,-54.37,76.61
38.132759,122.160233,2025,Yellow Sea,-56.22,76.79
38.131938,122.147157,2025,Yellow Sea,-56.36,76.92
38.131068,122.134006,2025,Yellow Sea,-55.5,77.09
38.128917,122.107838,2025,Yellow Sea,-54.36,77.57
38.122473,122.19274,2025,Yellow Sea,-53.37,78.31
38.121519,122.179473,2025,Yellow Sea,-54.36,77.99
38.120728,122.166108,2025,Yellow Sea,-55.36,77.68
38.119493,122.152907,2025,Yellow Sea,-57.22,77.33
38.11896,122.139507,2025,Yellow Sea,-58.36,77.11
38.117625,122.126294,2025,Yellow Sea,-57.35,76.81
38.116691,122.113035,2025,Yellow Sea,-57.35,76.59
38.113719,122.147191,2025,Yellow Sea,-58.21,76.45
38.109235,122.181474,2025,Yellow Sea,-54.22,76.3
38.109768,122.192736,2025,Yellow Sea,-53.22,76.57
38.108428,122.170208,2025,Yellow Sea,-55.22,76.01
38.107432,122.159071,2025,Yellow Sea,-56.36,75.71
38.106677,122.147752,2025,Yellow Sea,-58.21,75.47
38.097523,122.192649,2025,Yellow Sea,-53.21,74.86
38.096753,122.181808,2025,Yellow Sea,-54.21,74.56
38.084665,122.19259,2025,Yellow Sea,-52.21,73.07
38.095675,122.170806,2025,Yellow Sea,-55.21,74.23
38.083999,122.183504,2025,Yellow Sea,-53.2,72.81
34.319338,120.613126,2020,Yellow Sea,-15.27,34.5
34.319286,120.601375,2020,Yellow Sea,-15.14,33.2
34.319204,120.595519,2020,Yellow Sea,-15.15,32.55
34.319401,120.636671,2020,Yellow Sea,-16.09,37.12
34.319015,120.660273,2020,Yellow Sea,-15.9,39.74
34.318974,120.689668,2020,Yellow Sea,-17,43.01
34.318873,120.695567,2020,Yellow Sea,-17,43.67
34.31895,120.701446,2020,Yellow Sea,-17,44.32
34.318707,120.707377,2020,Yellow Sea,-16.99,44.98
34.318971,120.60732,2020,Yellow Sea,-15.13,33.86
34.318904,120.648516,2020,Yellow Sea,-16.06,38.44
34.31888,120.677895,2020,Yellow Sea,-16.02,41.7
34.318881,120.654325,2020,Yellow Sea,-16.05,39.08
34.318522,120.713239,2020,Yellow Sea,-16.99,45.63
34.314444,120.602059,2020,Yellow Sea,-15.14,33.24
34.30717,120.620853,2020,Yellow Sea,-16.12,35.32
34.307029,120.642017,2020,Yellow Sea,-17.09,37.67
34.307041,120.650322,2020,Yellow Sea,-16.08,38.6
34.306889,120.659155,2020,Yellow Sea,-15.06,39.58
34.306789,120.677898,2020,Yellow Sea,-16.03,41.67
34.306718,120.687958,2020,Yellow Sea,-16.17,42.79
34.306404,120.706676,2020,Yellow Sea,-17.01,44.87
34.306725,120.698033,2020,Yellow Sea,-17.01,43.91
34.30653,120.72246,2020,Yellow Sea,-17,46.63
34.306539,120.738096,2020,Yellow Sea,-16.98,48.37
34.30664,120.668236,2020,Yellow Sea,-15.05,40.59
34.306461,120.714577,2020,Yellow Sea,-17,45.75
34.306444,120.730363,2020,Yellow Sea,-16.99,47.51
34.302377,120.557095,2020,Yellow Sea,-15.23,28.22
34.296233,120.544858,2020,Yellow Sea,-15.28,26.89
34.295053,120.67,2020,Yellow Sea,-16.06,40.81
34.294968,120.639846,2020,Yellow Sea,-15.25,37.46
34.294881,120.660918,2020,Yellow Sea,-16.07,39.8
34.294915,120.653937,2020,Yellow Sea,-16.08,39.03
34.294664,120.56993,2020,Yellow Sea,-15.18,29.69
34.294664,120.678886,2020,Yellow Sea,-16.05,41.8
34.294475,120.696742,2020,Yellow Sea,-17.03,43.79
34.294656,120.706197,2020,Yellow Sea,-17.02,44.84
34.294464,120.724609,2020,Yellow Sea,-17.01,46.89
34.294711,120.646889,2020,Yellow Sea,-16.1,38.24
34.294531,120.716073,2020,Yellow Sea,-17.02,45.94
34.294538,120.74147,2020,Yellow Sea,-16.99,48.77
34.294457,120.733463,2020,Yellow Sea,-17,47.88
34.294287,120.749428,2020,Yellow Sea,-16.98,49.65
34.29435,120.75703,2020,Yellow Sea,-16.96,50.5
34.292027,120.551973,2020,Yellow Sea,-15.26,27.71
34.287864,120.559105,2020,Yellow Sea,-15.22,28.55
34.287164,120.582745,2020,Yellow Sea,-16.3,31.18
34.282933,120.654158,2020,Yellow Sea,-17.09,39.15
34.282993,120.691082,2020,Yellow Sea,-17.05,43.24
34.28286,120.660341,2020,Yellow Sea,-17.08,39.83
34.2828,120.666503,2020,Yellow Sea,-17.08,40.52
34.282853,120.672626,2020,Yellow Sea,-17.07,41.2
34.282734,120.703422,2020,Yellow Sea,-17.04,44.62
34.282358,120.697347,2020,Yellow Sea,-17.04,43.95
34.282549,120.709573,2020,Yellow Sea,-17.04,45.3
34.282314,120.740361,2020,Yellow Sea,-17.01,48.72
34.282283,120.764999,2020,Yellow Sea,-16.97,51.46
34.282295,120.715824,2020,Yellow Sea,-17.03,46
34.282358,120.734239,2020,Yellow Sea,-17.02,48.04
34.282205,120.746576,2020,Yellow Sea,-17,49.41
34.282295,120.771452,2020,Yellow Sea,-16.96,52.18
34.282201,120.752737,2020,Yellow Sea,-16.99,50.1
34.28242,120.758851,2020,Yellow Sea,-16.98,50.78
34.282033,120.77733,2020,Yellow Sea,-16.96,52.83
34.280884,120.548626,2020,Yellow Sea,-15.26,27.48
34.279456,120.595556,2020,Yellow Sea,-17.14,32.69
34.278034,120.497628,2020,Yellow Sea,-15.43,21.92
34.277021,120.554648,2020,Yellow Sea,-15.24,28.21
34.275481,120.601976,2020,Yellow Sea,-17.14,33.47
34.274886,120.580578,2020,Yellow Sea,-16.17,31.11
34.27152,120.508228,2020,Yellow Sea,-15.4,23.24
34.27137,120.60848,2020,Yellow Sea,-17.14,34.26
34.269933,120.56656,2020,Yellow Sea,-15.18,29.67
34.269675,120.491448,2020,Yellow Sea,-15.45,21.47
34.267758,120.614729,2020,Yellow Sea,-17.13,35.01
34.266787,120.57243,2020,Yellow Sea,-15.18,30.38
34.266668,120.496607,2020,Yellow Sea,-15.44,22.12
34.265227,120.518793,2020,Yellow Sea,-16.38,24.57
34.263833,120.621279,2020,Yellow Sea,-17.13,35.81
34.263522,120.501871,2020,Yellow Sea,-15.42,22.8
34.262914,120.578431,2020,Yellow Sea,-15.17,31.14
34.262141,120.524034,2020,Yellow Sea,-16.37,25.23
34.260171,120.627575,2020,Yellow Sea,-16.13,36.59
34.25919,120.529245,2020,Yellow Sea,-16.36,25.89
34.259064,120.584496,2020,Yellow Sea,-15.16,31.9
34.257886,120.609176,2020,Yellow Sea,-15.14,34.62
34.255902,120.534588,2020,Yellow Sea,-16.2,26.58
34.255796,120.590389,2020,Yellow Sea,-15.16,32.63
34.254041,120.517567,2020,Yellow Sea,-15.52,24.82
34.253398,120.616375,2020,Yellow Sea,-15.14,35.53
34.252263,120.596285,2020,Yellow Sea,-15.15,33.37
34.252284,120.640469,2020,Yellow Sea,-15.12,38.19
34.250961,120.522727,2020,Yellow Sea,-16.37,25.49
34.319217,120.624942,2020,Yellow Sea,-16.11,35.82
34.319213,120.630805,2020,Yellow Sea,-16.1,36.47
34.31915,120.642572,2020,Yellow Sea,-16.08,37.78
34.31871,120.666216,2020,Yellow Sea,-16.03,40.4
34.318706,120.71912,2020,Yellow Sea,-16.99,46.29
34.318585,120.683885,2020,Yellow Sea,-16.01,42.37
34.306254,120.550617,2020,Yellow Sea,-15.28,27.5
34.300754,120.537721,2020,Yellow Sea,-16.32,26.07
34.298431,120.563543,2020,Yellow Sea,-15.2,28.95
34.295103,120.524752,2020,Yellow Sea,-16.36,24.66
34.294977,120.632778,2020,Yellow Sea,-15.12,36.67
34.294475,120.687867,2020,Yellow Sea,-17.04,42.8
34.291713,120.530689,2020,Yellow Sea,-15.36,25.35
34.290771,120.576317,2020,Yellow Sea,-15.32,30.43
34.287883,120.536696,2020,Yellow Sea,-15.32,26.06
34.283425,120.566351,2020,Yellow Sea,-15.18,29.4
34.283052,120.589188,2020,Yellow Sea,-17.16,31.94
34.282797,120.678799,2020,Yellow Sea,-17.06,41.88
34.282546,120.685015,2020,Yellow Sea,-17.06,42.57
34.282512,120.727989,2020,Yellow Sea,-17.02,47.35
34.282358,120.721933,2020,Yellow Sea,-17.03,46.68
34.279156,120.573509,2020,Yellow Sea,-16.17,30.26
34.274698,120.502938,2020,Yellow Sea,-15.41,22.58
34.273091,120.560701,2020,Yellow Sea,-15.2,28.96
34.272805,120.486083,2020,Yellow Sea,-15.47,20.8
34.268545,120.513486,2020,Yellow Sea,-15.4,23.9
34.266222,120.594981,2020,Yellow Sea,-16.14,32.87
34.260575,120.507065,2020,Yellow Sea,-15.4,23.46
34.257147,120.512327,2020,Yellow Sea,-15.53,24.14
34.256298,120.634017,2020,Yellow Sea,-16.13,37.38
34.252732,120.539811,2020,Yellow Sea,-15.3,27.25
34.538898,120.340513,2020,Yellow Sea,-13.78,30.09
34.538843,120.37003,2020,Yellow Sea,-13.7,31.07
34.538714,120.377475,2020,Yellow Sea,-13.68,31.35
34.538804,120.3843,2020,Yellow Sea,-13.68,31.65
34.538819,120.325766,2020,Yellow Sea,-12.81,29.72
34.538802,120.355304,2020,Yellow Sea,-13.74,30.53
34.537451,120.392616,2020,Yellow Sea,-13.66,31.86
34.534833,120.408232,2020,Yellow Sea,-13.64,32.31
34.53369,120.415738,2020,Yellow Sea,-13.62,32.58
34.525085,120.30451,2020,Yellow Sea,-11.97,27.5
34.52496,120.29041,2020,Yellow Sea,-11.84,27.31
34.525031,120.297469,2020,Yellow Sea,-11.84,27.4
34.52492,120.311661,2020,Yellow Sea,-12.82,27.59
34.524819,120.328303,2020,Yellow Sea,-12.81,27.92
34.524827,120.411439,2020,Yellow Sea,-13.62,31.3
34.524633,120.453077,2020,Yellow Sea,-15.57,33.8
34.524771,120.347011,2020,Yellow Sea,-13.76,28.45
34.524656,120.367857,2020,Yellow Sea,-13.7,29.19
34.524715,120.378194,2020,Yellow Sea,-13.68,29.64
34.524646,120.38656,2020,Yellow Sea,-13.66,30.01
34.524583,120.394893,2020,Yellow Sea,-12.64,30.4
34.524708,120.419811,2020,Yellow Sea,-13.62,31.75
34.52452,120.428161,2020,Yellow Sea,-13.61,32.22
34.524583,120.436449,2020,Yellow Sea,-14.6,32.73
34.524478,120.46014,2020,Yellow Sea,-15.57,34.26
34.524325,120.444852,2020,Yellow Sea,-14.58,33.23
34.524365,120.467283,2020,Yellow Sea,-15.56,34.66
34.524272,120.47438,2020,Yellow Sea,-15.55,35.07
34.522269,120.275686,2020,Yellow Sea,-11.87,26.32
34.511084,120.280852,2020,Yellow Sea,-13.73,25.16
34.510833,120.259206,2020,Yellow Sea,-13.92,24.22
34.510833,120.252111,2020,Yellow Sea,-13.93,23.97
34.510781,120.288453,2020,Yellow Sea,-12.86,25.4
34.510726,120.311123,2020,Yellow Sea,-12.82,25.69
34.51077,120.318664,2020,Yellow Sea,-12.82,25.84
34.510802,120.266262,2020,Yellow Sea,-13.9,24.49
34.510645,120.303595,2020,Yellow Sea,-12.83,25.55
34.510605,120.356443,2020,Yellow Sea,-13.72,26.97
34.510418,120.423958,2020,Yellow Sea,-13.6,30.37
34.510592,120.348896,2020,Yellow Sea,-13.74,26.69
34.510621,120.363962,2020,Yellow Sea,-13.7,27.27
34.5105,120.401757,2020,Yellow Sea,-13.63,29.08
34.510454,120.438074,2020,Yellow Sea,-14.59,31.27
34.510506,120.445123,2020,Yellow Sea,-14.58,31.74
34.510526,120.296082,2020,Yellow Sea,-12.84,25.44
34.510456,120.409325,2020,Yellow Sea,-13.62,29.5
34.510157,120.459345,2020,Yellow Sea,-14.7,32.56
34.510148,120.452242,2020,Yellow Sea,-14.56,32.15
34.483584,120.294115,2020,Yellow Sea,-13.82,21.79
34.483898,120.301745,2020,Yellow Sea,-13.81,21.94
34.48363,120.38679,2020,Yellow Sea,-14.64,25.11
34.483772,120.286329,2020,Yellow Sea,-13.84,21.74
34.483618,120.325009,2020,Yellow Sea,-12.92,22.43
34.483642,120.363602,2020,Yellow Sea,-13.69,23.91
34.483636,120.402225,2020,Yellow Sea,-13.62,26.02
34.483642,120.409938,2020,Yellow Sea,-13.61,26.5
34.483647,120.317282,2020,Yellow Sea,-13.64,22.23
34.48357,120.348143,2020,Yellow Sea,-13.72,23.22
34.483409,120.340503,2020,Yellow Sea,-13.74,22.91
34.483468,120.371373,2020,Yellow Sea,-13.67,24.26
34.483459,120.379101,2020,Yellow Sea,-13.66,24.66
34.483305,120.35593,2020,Yellow Sea,-13.71,23.52
34.46896,120.314111,2020,Yellow Sea,-13.77,20.22
34.469087,120.32219,2020,Yellow Sea,-13.76,20.46
34.46895,120.346525,2020,Yellow Sea,-14.72,21.33
34.468901,120.338429,2020,Yellow Sea,-13.74,20.99
34.468889,120.378928,2020,Yellow Sea,-14.65,22.95
34.468767,120.394131,2020,Yellow Sea,-14.62,23.85
34.453434,120.343371,2020,Yellow Sea,-14.87,19.26
34.453259,120.350056,2020,Yellow Sea,-15.71,19.56
34.453095,120.369948,2020,Yellow Sea,-15.67,20.6
34.539212,120.347859,2020,Yellow Sea,-13.76,30.35
34.538772,120.362676,2020,Yellow Sea,-13.72,30.79
34.535947,120.400598,2020,Yellow Sea,-13.64,32.06
34.524931,120.283345,2020,Yellow Sea,-11.86,26.98
34.524902,120.336606,2020,Yellow Sea,-12.93,28.15
34.524897,120.357402,2020,Yellow Sea,-13.72,28.82
34.524809,120.319982,2020,Yellow Sea,-12.82,27.73
34.524708,120.403172,2020,Yellow Sea,-12.78,30.84
34.511084,120.386534,2020,Yellow Sea,-12.79,28.36
34.51077,120.273396,2020,Yellow Sea,-13.88,24.79
34.510645,120.333795,2020,Yellow Sea,-13.8,26.21
34.510616,120.341358,2020,Yellow Sea,-13.77,26.44
34.510645,120.371512,2020,Yellow Sea,-13.68,27.6
34.510582,120.37909,2020,Yellow Sea,-13.67,27.93
34.510745,120.416797,2020,Yellow Sea,-13.61,29.97
34.510326,120.431037,2020,Yellow Sea,-13.74,30.8
34.510017,120.39432,2020,Yellow Sea,-13.63,28.63
34.483459,120.417048,2020,Yellow Sea,-13.75,26.94
34.483333,120.394571,2020,Yellow Sea,-13.62,25.52
34.469018,120.387037,2020,Yellow Sea,-14.64,23.44
34.468892,120.35464,2020,Yellow Sea,-14.7,21.68
34.468771,120.362751,2020,Yellow Sea,-14.68,22.06
34.468637,120.370888,2020,Yellow Sea,-14.67,22.47
34.45378,120.356571,2020,Yellow Sea,-15.69,19.95
34.453259,120.363304,2020,Yellow Sea,-15.68,20.25
34.529164,119.987859,2020,Yellow Sea,-10.31,12.45
34.529041,120.017923,2020,Yellow Sea,-7.26,13.76
34.526207,120.024727,2020,Yellow Sea,-7.26,13.64
34.523261,120.031475,2020,Yellow Sea,-6.24,13.36
34.519183,119.981256,2020,Yellow Sea,-10.32,10.92
34.51843,120.042627,2020,Yellow Sea,-6.34,13.02
34.515385,120.019845,2020,Yellow Sea,-9.11,12.09
34.513622,119.994145,2020,Yellow Sea,-11.29,10.94
34.511524,120.058607,2020,Yellow Sea,-7.13,12.79
34.510927,120.000429,2020,Yellow Sea,-10.28,10.88
34.508008,120.007375,2020,Yellow Sea,-10.27,10.7
34.50738,120.038675,2020,Yellow Sea,-7.21,11.46
34.500162,120.085089,2020,Yellow Sea,-8.09,13.01
34.493237,120.101034,2020,Yellow Sea,-9.07,13.16
34.485496,120.11909,2020,Yellow Sea,-8.06,13.18
34.485279,120.060147,2020,Yellow Sea,-8.15,9.8
34.482133,120.067628,2020,Yellow Sea,-8.13,9.91
34.47799,120.106816,2020,Yellow Sea,-7.08,11.6
34.475736,120.082717,2020,Yellow Sea,-7.11,10.11
34.531933,120.011154,2020,Yellow Sea,-7.27,13.93
34.52609,119.995588,2020,Yellow Sea,-10.29,12.47
34.521004,120.007186,2020,Yellow Sea,-11.13,12.39
34.520874,120.037275,2020,Yellow Sea,-6.22,13.18
34.516731,119.986894,2020,Yellow Sea,-10.31,10.9
34.516358,120.047871,2020,Yellow Sea,-6.32,12.94
34.513847,120.053271,2020,Yellow Sea,-7.29,12.83
34.510205,120.0323,2020,Yellow Sea,-7.23,11.65
34.509389,120.063819,2020,Yellow Sea,-7.26,12.8
34.506877,120.069218,2020,Yellow Sea,-7.24,12.8
34.505182,120.074366,2020,Yellow Sea,-8.1,12.92
34.504772,120.014943,2020,Yellow Sea,-10.25,10.56
34.504646,120.044954,2020,Yellow Sea,-7.18,11.34
34.501415,120.022506,2020,Yellow Sea,-10.25,10.28
34.499285,120.05749,2020,Yellow Sea,-6.13,11.26
34.49828,120.02999,2020,Yellow Sea,-9.23,10.03
34.497836,120.090439,2020,Yellow Sea,-8.08,13.08
34.495635,120.095764,2020,Yellow Sea,-8.22,13.15
34.494885,120.037574,2020,Yellow Sea,-10.21,9.82
34.494011,120.07002,2020,Yellow Sea,-7.11,11.39
34.491746,120.045109,2020,Yellow Sea,-10.19,9.73
34.490993,120.106387,2020,Yellow Sea,-8.07,13.13
34.488858,120.111221,2020,Yellow Sea,-8.06,13.13
34.488544,120.082591,2020,Yellow Sea,-8.1,11.55
34.488448,120.052614,2020,Yellow Sea,-9.01,9.72
34.487138,120.115554,2020,Yellow Sea,-8.06,13.16
34.482956,120.095211,2020,Yellow Sea,-7.08,11.63
34.47875,120.075245,2020,Yellow Sea,-8.12,9.99
34.475137,120.113515,2020,Yellow Sea,-6.22,11.67
34.47257,120.089982,2020,Yellow Sea,-6.1,10.11
34.469332,120.09722,2020,Yellow Sea,-6.95,10.07
34.467013,120.102821,2020,Yellow Sea,-6.08,10.1
34.639429,119.769716,2020,Yellow Sea,-6.59,13.72
34.634142,119.7761,2020,Yellow Sea,-6.59,14.43
34.631292,119.788377,2020,Yellow Sea,-7.58,15.8
34.625921,119.812768,2020,Yellow Sea,-7.7,14.45
34.623106,119.779194,2020,Yellow Sea,-6.6,14.85
34.620718,119.837065,2020,Yellow Sea,-8.53,12.75
34.618578,119.757149,2020,Yellow Sea,-5.78,12.43
34.61771,119.803552,2020,Yellow Sea,-7.56,14.01
34.617825,119.849318,2020,Yellow Sea,-9.52,12.02
34.615029,119.815747,2020,Yellow Sea,-7.55,13
34.614811,119.77005,2020,Yellow Sea,-6.62,13.44
34.612268,119.782177,2020,Yellow Sea,-6.6,13.72
34.609639,119.840118,2020,Yellow Sea,-8.53,11.22
34.609443,119.794404,2020,Yellow Sea,-6.58,13.68
34.606516,119.760895,2020,Yellow Sea,-5.65,12
34.604772,119.748757,2020,Yellow Sea,-5.54,11.31
34.604131,119.818794,2020,Yellow Sea,-6.55,11.55
34.604038,119.801993,2020,Yellow Sea,-6.43,12.59
34.601528,119.830927,2020,Yellow Sea,-7.54,10.6
34.601244,119.78524,2020,Yellow Sea,-5.76,12.48
34.597852,119.744582,2020,Yellow Sea,-4.69,10.28
34.595812,119.809512,2020,Yellow Sea,-5.72,11.19
34.593198,119.821795,2020,Yellow Sea,-6.56,10.12
34.592346,119.838593,2020,Yellow Sea,-7.54,9.11
34.591361,119.74066,2020,Yellow Sea,-4.71,9.32
34.589446,119.748234,2020,Yellow Sea,-4.7,9.33
34.587052,119.756545,2020,Yellow Sea,-4.69,9.4
34.584836,119.812602,2020,Yellow Sea,-6.58,9.83
34.584674,119.764901,2020,Yellow Sea,-4.67,9.52
34.582282,119.824822,2020,Yellow Sea,-6.57,8.71
34.580021,119.7815,2020,Yellow Sea,-5.64,9.67
34.573743,119.803851,2020,Yellow Sea,-5.75,9.49
34.569408,119.819405,2020,Yellow Sea,-6.59,7.8
34.632454,119.765535,2020,Yellow Sea,-6.6,13.26
34.628624,119.800534,2020,Yellow Sea,-7.56,15.44
34.62335,119.824894,2020,Yellow Sea,-8.54,13.56
34.620399,119.791367,2020,Yellow Sea,-6.58,15.07
34.612522,119.827879,2020,Yellow Sea,-7.54,12.09
34.611643,119.752971,2020,Yellow Sea,-5.66,12.02
34.603953,119.773017,2020,Yellow Sea,-5.63,12.27
34.598801,119.796641,2020,Yellow Sea,-6.44,12.42
34.595749,119.763867,2020,Yellow Sea,-4.67,10.82
34.593024,119.776047,2020,Yellow Sea,-4.79,11.08
34.587813,119.800408,2020,Yellow Sea,-6.59,11.05
34.58375,119.788129,2020,Yellow Sea,-5.63,10.45
34.582347,119.773209,2020,Yellow Sea,-4.66,9.62
34.57601,119.795992,2020,Yellow Sea,-5.61,9.91
34.571678,119.811584,2020,Yellow Sea,-6.59,8.65
36.477074,121.229564,2022,Yellow Sea,-18.49,20.67
36.477136,121.22286,2022,Yellow Sea,-18.35,19.99
36.476881,121.235277,2022,Yellow Sea,-19.34,21.26
36.476941,121.242945,2022,Yellow Sea,-19.33,22.04
36.47681,121.249657,2022,Yellow Sea,-20.31,22.73
36.476261,121.257841,2022,Yellow Sea,-20.29,23.61
36.468073,121.230694,2022,Yellow Sea,-18.49,21.33
36.468086,121.238055,2022,Yellow Sea,-19.47,22.06
36.467967,121.252789,2022,Yellow Sea,-20.29,23.54
36.468089,121.215966,2022,Yellow Sea,-17.49,19.89
36.4679,121.22338,2022,Yellow Sea,-18.34,20.62
36.467894,121.245473,2022,Yellow Sea,-20.31,22.81
36.467963,121.267556,2022,Yellow Sea,-21.25,25.04
36.467775,121.26024,2022,Yellow Sea,-20.42,24.31
36.462299,121.271862,2022,Yellow Sea,-21.23,25.8
36.459415,121.217176,2022,Yellow Sea,-17.49,20.62
36.450245,121.22151,2022,Yellow Sea,-18.34,21.72
36.449818,121.213687,2022,Yellow Sea,-18.34,21.05
36.450172,121.253274,2022,Yellow Sea,-21.42,24.72
36.450195,121.20562,2022,Yellow Sea,-17.34,20.3
36.450258,121.245349,2022,Yellow Sea,-20.44,23.96
36.45019,121.269169,2022,Yellow Sea,-22.23,26.27
36.450064,121.261262,2022,Yellow Sea,-22.25,25.5
36.450076,121.23744,2022,Yellow Sea,-19.46,23.22
36.441524,121.272283,2022,Yellow Sea,-23.23,26.85
36.438831,121.199985,2022,Yellow Sea,-17.33,20.82
36.432678,121.217579,2022,Yellow Sea,-19.32,22.84
36.432586,121.23243,2022,Yellow Sea,-20.32,24.15
36.432552,121.254748,2022,Yellow Sea,-22.41,26.16
36.432552,121.26817,2022,Yellow Sea,-24.23,25.99
36.432559,121.274846,2022,Yellow Sea,-24.22,25.62
36.432429,121.202754,2022,Yellow Sea,-18.46,21.19
36.432552,121.210171,2022,Yellow Sea,-19.32,22.02
36.432424,121.239924,2022,Yellow Sea,-20.44,24.83
36.432247,121.247394,2022,Yellow Sea,-21.43,25.51
36.432338,121.261488,2022,Yellow Sea,-23.38,26.34
36.42407,121.199891,2022,Yellow Sea,-19.32,20.9
36.422067,121.272044,2022,Yellow Sea,-24.36,24.52
36.420497,121.264436,2022,Yellow Sea,-23.37,24.78
36.418865,121.256883,2022,Yellow Sea,-23.24,25.05
36.416737,121.247148,2022,Yellow Sea,-22.43,25.45
36.416978,121.224477,2022,Yellow Sea,-21.34,23.7
36.416763,121.216966,2022,Yellow Sea,-20.48,22.87
36.416602,121.201876,2022,Yellow Sea,-20.32,21.2
36.416605,121.209417,2022,Yellow Sea,-20.33,22.04
36.416755,121.239648,2022,Yellow Sea,-22.3,25.39
36.416542,121.232137,2022,Yellow Sea,-22.33,24.56
36.397826,121.206672,2022,Yellow Sea,-22.34,22.14
36.397667,121.226901,2022,Yellow Sea,-22.35,24.35
36.397516,121.199992,2022,Yellow Sea,-21.33,21.43
36.397581,121.213436,2022,Yellow Sea,-22.34,22.89
36.397581,121.233652,2022,Yellow Sea,-23.34,24.4
36.397516,121.240426,2022,Yellow Sea,-23.3,23.88
36.397521,121.220203,2022,Yellow Sea,-22.34,23.63
36.397455,121.247181,2022,Yellow Sea,-23.28,23.37
36.389484,121.204889,2022,Yellow Sea,-22.33,22.23
36.383077,121.240196,2022,Yellow Sea,-24.29,22.46
36.383015,121.212054,2022,Yellow Sea,-23.33,23.22
36.382952,121.219086,2022,Yellow Sea,-24.34,23.98
36.383048,121.226079,2022,Yellow Sea,-24.34,23.6
36.382949,121.247205,2022,Yellow Sea,-24.41,21.89
36.376736,121.2469,2022,Yellow Sea,-25.26,21.31
36.374077,121.221639,2022,Yellow Sea,-24.48,23.18
36.372655,121.237168,2022,Yellow Sea,-25.3,21.73
36.370442,121.245058,2022,Yellow Sea,-25.4,20.87
36.368197,121.228246,2022,Yellow Sea,-25.33,22.1
36.363981,121.232803,2022,Yellow Sea,-26.32,21.35
36.449755,121.229571,2022,Yellow Sea,-19.34,22.51
36.432427,121.225051,2022,Yellow Sea,-20.33,23.52
36.383329,121.233087,2022,Yellow Sea,-24.33,23.05
36.580818,121.652482,2023,Yellow Sea,-26.28,18.96
36.580121,121.644043,2023,Yellow Sea,-25.28,18.88
36.57953,121.635691,2023,Yellow Sea,-25.14,18.83
36.579036,121.627205,2023,Yellow Sea,-26.14,18.81
36.578405,121.61885,2023,Yellow Sea,-26.14,18.85
36.577523,121.610489,2023,Yellow Sea,-26.14,18.97
36.577267,121.602027,2023,Yellow Sea,-26.14,19.05
36.576653,121.593562,2023,Yellow Sea,-25.14,19.22
36.576112,121.585207,2023,Yellow Sea,-26,19.43
36.575533,121.576776,2023,Yellow Sea,-26.15,19.69
36.575061,121.568339,2023,Yellow Sea,-26.15,19.97
36.574326,121.559942,2023,Yellow Sea,-25.15,20.33
36.573719,121.551524,2023,Yellow Sea,-25.16,20.7
36.573189,121.54308,2023,Yellow Sea,-25.16,21.11
36.572584,121.53471,2023,Yellow Sea,-25.16,21.55
36.572003,121.526319,2023,Yellow Sea,-24.31,22.02
36.571245,121.517944,2023,Yellow Sea,-24.17,22.1
36.56561,121.65795,2023,Yellow Sea,-28.13,21.15
36.56478,121.649548,2023,Yellow Sea,-28.14,21.08
36.563836,121.641191,2023,Yellow Sea,-28.14,21.07
36.563023,121.632724,2023,Yellow Sea,-28.15,21.07
36.562357,121.624274,2023,Yellow Sea,-28.15,21.1
36.561701,121.615796,2023,Yellow Sea,-28.15,21.16
36.560827,121.607391,2023,Yellow Sea,-28.15,21.29
36.560125,121.59893,2023,Yellow Sea,-27.15,21.44
36.559023,121.590589,2023,Yellow Sea,-26.15,21.69
36.558515,121.582032,2023,Yellow Sea,-26.14,21.89
36.557566,121.573647,2023,Yellow Sea,-26.14,22.19
36.556804,121.565284,2023,Yellow Sea,-27.14,22.51
36.555948,121.556833,2023,Yellow Sea,-28.14,22.87
36.555368,121.548327,2023,Yellow Sea,-28.15,23.22
36.554441,121.539945,2023,Yellow Sea,-27.15,23.66
36.553675,121.531539,2023,Yellow Sea,-26.3,24.1
36.552971,121.523083,2023,Yellow Sea,-26.16,24.56
36.552032,121.514679,2023,Yellow Sea,-26.16,24.68
36.550463,121.663417,2023,Yellow Sea,-28.13,23.33
36.549169,121.654524,2023,Yellow Sea,-28.14,23.31
36.548027,121.645572,2023,Yellow Sea,-28.14,23.3
36.547323,121.636501,2023,Yellow Sea,-28.15,23.28
36.546005,121.627575,2023,Yellow Sea,-29.01,23.38
36.544959,121.618591,2023,Yellow Sea,-28.29,23.48
36.542794,121.600638,2023,Yellow Sea,-27.29,23.83
36.541698,121.591611,2023,Yellow Sea,-28.14,24.06
36.540492,121.582783,2023,Yellow Sea,-27.14,24.35
36.539736,121.573701,2023,Yellow Sea,-27.14,24.62
36.538577,121.564745,2023,Yellow Sea,-27.14,24.98
36.536403,121.546807,2023,Yellow Sea,-27.29,25.78
36.535544,121.537803,2023,Yellow Sea,-27.15,26.2
36.534152,121.661224,2024,Yellow Sea,-29.14,25.49
36.53419,121.528833,2023,Yellow Sea,-27.15,26.72
36.533211,121.519843,2023,Yellow Sea,-27.16,27.22
36.532838,121.653576,2024,Yellow Sea,-29.14,25.52
36.530417,121.635797,2024,Yellow Sea,-29.15,25.6
36.529132,121.62686,2024,Yellow Sea,-30,25.71
36.527768,121.618001,2024,Yellow Sea,-29.29,25.86
36.52516,121.600279,2024,Yellow Sea,-29.14,26.27
36.524104,121.591327,2024,Yellow Sea,-29.13,26.49
36.522864,121.582451,2024,Yellow Sea,-29.13,26.77
36.521436,121.573607,2024,Yellow Sea,-29.12,27.12
36.520083,121.564746,2024,Yellow Sea,-29.11,27.48
36.519746,121.674515,2024,Yellow Sea,-29.13,27.76
36.518914,121.555845,2024,Yellow Sea,-28.12,27.85
36.518333,121.666677,2024,Yellow Sea,-28.14,27.76
36.517768,121.548121,2024,Yellow Sea,-28.12,28.22
36.516684,121.540454,2024,Yellow Sea,-27.13,28.6
36.516848,121.658804,2024,Yellow Sea,-28.14,27.8
36.515639,121.532735,2024,Yellow Sea,-28,29
36.515441,121.649092,2024,Yellow Sea,-29,27.83
36.513621,121.639419,2024,Yellow Sea,-29.14,27.96
36.511924,121.629744,2024,Yellow Sea,-28.29,28.11
36.510229,121.62006,2024,Yellow Sea,-28.14,28.3
36.508487,121.610392,2024,Yellow Sea,-28.13,28.53
36.506851,121.600681,2024,Yellow Sea,-29.12,28.8
36.505129,121.591017,2024,Yellow Sea,-29.12,29.11
36.504323,121.680086,2024,Yellow Sea,-30.13,29.98
36.503609,121.581315,2024,Yellow Sea,-29.1,29.43
36.50252,121.672287,2024,Yellow Sea,-30.13,30.03
36.502004,121.571557,2024,Yellow Sea,-28.23,29.81
36.500999,121.664515,2024,Yellow Sea,-30.14,30.07
36.5001,121.561956,2024,Yellow Sea,-28.08,30.26
36.49923,121.655694,2024,Yellow Sea,-29.28,30.15
36.49879,121.554108,2024,Yellow Sea,-28.09,30.61
36.497415,121.646813,2024,Yellow Sea,-29.14,30.28
36.497425,121.546255,2024,Yellow Sea,-27.25,31
36.495965,121.538412,2024,Yellow Sea,-28.12,31.42
36.495531,121.637976,2024,Yellow Sea,-29.13,30.44
36.494758,121.530472,2024,Yellow Sea,-26.28,31.83
36.49395,121.629067,2024,Yellow Sea,-29.13,30.59
36.491851,121.620313,2024,Yellow Sea,-29.12,30.84
36.490306,121.611388,2024,Yellow Sea,-28.26,31.05
36.489427,121.685302,2023,Yellow Sea,-30.12,32.12
36.488556,121.602515,2024,Yellow Sea,-28.97,31.32
36.487815,121.677302,2023,Yellow Sea,-30.12,32.14
36.486792,121.593636,2024,Yellow Sea,-29.95,31.62
36.486538,121.669229,2023,Yellow Sea,-30.12,32.13
36.484936,121.584783,2024,Yellow Sea,-30.09,31.96
36.484067,121.658781,2023,Yellow Sea,-31.11,32.28
36.483157,121.575957,2024,Yellow Sea,-30.08,32.32
36.481837,121.64829,2023,Yellow Sea,-30.11,32.44
36.481211,121.567156,2024,Yellow Sea,-30.07,32.73
36.479908,121.637733,2023,Yellow Sea,-30.1,32.59
36.479829,121.559319,2024,Yellow Sea,-30.08,33.07
36.478213,121.551529,2024,Yellow Sea,-30.09,33.46
36.477605,121.627291,2023,Yellow Sea,-30.1,32.84
36.476704,121.543631,2024,Yellow Sea,-30.11,33.55
36.475806,121.496067,2021,Yellow Sea,-30.12,31.03
36.475423,121.520929,2021,Yellow Sea,-30.12,32.15
36.47556,121.616768,2023,Yellow Sea,-30.24,33.09
36.475623,121.508463,2021,Yellow Sea,-30.98,31.56
36.4755,121.514747,2021,Yellow Sea,-30.12,31.85
36.47556,121.50234,2021,Yellow Sea,-30.26,31.27
36.474198,121.690795,2023,Yellow Sea,-30.1,34.31
36.474053,121.484198,2021,Yellow Sea,-30.12,30.31
36.47343,121.606235,2023,Yellow Sea,-30.09,33.4
36.472546,121.682793,2023,Yellow Sea,-30.96,34.33
36.471181,121.595749,2023,Yellow Sea,-30.08,33.76
36.470679,121.472815,2021,Yellow Sea,-30.12,29.44
36.470682,121.674848,2023,Yellow Sea,-31.09,34.41
36.46907,121.585258,2023,Yellow Sea,-30.08,34.14
36.468831,121.467173,2021,Yellow Sea,-30.13,29.01
36.468544,121.665071,2023,Yellow Sea,-31.1,34.51
36.467151,121.574708,2023,Yellow Sea,-30.07,34.39
36.466901,121.46157,2021,Yellow Sea,-30.13,28.57
36.465828,121.655424,2023,Yellow Sea,-30.09,34.73
36.465285,121.455866,2021,Yellow Sea,-30.13,28.17
36.465084,121.564197,2023,Yellow Sea,-30.07,33.47
36.463756,121.645649,2023,Yellow Sea,-30.08,34.9
36.463339,121.5562,2023,Yellow Sea,-30.08,32.75
36.461701,121.444543,2021,Yellow Sea,-30.13,27.38
36.461747,121.548167,2023,Yellow Sea,-31.08,32.07
36.461588,121.635832,2023,Yellow Sea,-30.08,35.11
36.46139,121.525043,2021,Yellow Sea,-31.1,30.67
36.459956,121.438882,2021,Yellow Sea,-29.13,27
36.459539,121.519158,2021,Yellow Sea,-31.11,30.12
36.459193,121.696208,2023,Yellow Sea,-31.08,36.48
36.458442,121.433741,2021,Yellow Sea,-29.12,26.67
36.457618,121.513273,2021,Yellow Sea,-30.24,29.58
36.457103,121.687599,2023,Yellow Sea,-30.08,36.54
36.455733,121.507445,2021,Yellow Sea,-30.1,29.04
36.454812,121.606561,2023,Yellow Sea,-30.07,35.39
36.454669,121.679089,2023,Yellow Sea,-31.08,36.67
36.45389,121.420245,2021,Yellow Sea,-28.12,25.78
36.452608,121.67052,2023,Yellow Sea,-31.08,36.79
36.452509,121.596838,2023,Yellow Sea,-30.07,34.42
36.452449,121.495609,2021,Yellow Sea,-30.1,28.05
36.450337,121.408379,2021,Yellow Sea,-28.11,25.12
36.45032,121.587016,2023,Yellow Sea,-30.06,33.46
36.450403,121.661957,2023,Yellow Sea,-30.22,36.94
36.448417,121.483869,2021,Yellow Sea,-30.94,27.01
36.447861,121.653479,2023,Yellow Sea,-30.07,37.18
36.446632,121.396575,2021,Yellow Sea,-28.12,24.51
36.446702,121.477978,2021,Yellow Sea,-31.09,26.53
36.446324,121.56929,2023,Yellow Sea,-32.06,31.76
36.445848,121.64488,2024,Yellow Sea,-30.07,37.36
36.444419,121.561383,2023,Yellow Sea,-32.06,31
36.444013,121.70162,2023,Yellow Sea,-31.07,38.66
36.443681,121.636308,2023,Yellow Sea,-30.07,36.71
36.442585,121.466358,2021,Yellow Sea,-31.08,25.54
36.442698,121.553412,2023,Yellow Sea,-32.06,30.26
36.441769,121.693985,2023,Yellow Sea,-31.07,38.76
36.441353,121.460211,2021,Yellow Sea,-30.22,25.15
36.44134,121.627811,2023,Yellow Sea,-30.06,35.79
36.440865,121.545485,2023,Yellow Sea,-31.06,29.53
36.441102,121.378862,2021,Yellow Sea,-28.11,23.71
36.439629,121.6863,2023,Yellow Sea,-31.07,38.87
36.439366,121.454488,2021,Yellow Sea,-30.08,24.69
36.43914,121.619271,2023,Yellow Sea,-30.06,34.88
36.437392,121.67869,2023,Yellow Sea,-31.07,39.02
36.437512,121.367033,2021,Yellow Sea,-28.11,23.29
36.437105,121.610594,2023,Yellow Sea,-30.06,33.98
36.435323,121.361216,2021,Yellow Sea,-27.26,23.05
36.435257,121.671021,2023,Yellow Sea,-31.06,39
36.433322,121.355342,2021,Yellow Sea,-27.27,22.86
36.433016,121.663295,2023,Yellow Sea,-31.92,38.13
36.432826,121.433086,2021,Yellow Sea,-30.22,23.2
36.432735,121.593554,2023,Yellow Sea,-31.05,32.19
36.431747,121.349375,2021,Yellow Sea,-27.13,22.75
36.430606,121.655757,2023,Yellow Sea,-32.06,37.25
36.429254,121.527221,2021,Yellow Sea,-31.06,27.04
36.429036,121.421418,2021,Yellow Sea,-29.22,22.41
36.428345,121.648097,2023,Yellow Sea,-32.06,36.38
36.427927,121.576525,2023,Yellow Sea,-31.04,30.39
36.427483,121.521986,2021,Yellow Sea,-31.06,26.51
36.426171,121.567863,2023,Yellow Sea,-31.04,29.55
36.425214,121.409678,2021,Yellow Sea,-29.07,21.69
36.424262,121.632708,2023,Yellow Sea,-32.06,34.68
36.423385,121.559464,2023,Yellow Sea,-31.04,28.64
36.423534,121.40367,2021,Yellow Sea,-29.07,21.38
36.422572,121.506168,2021,Yellow Sea,-33.2,24.98
36.421943,121.625029,2023,Yellow Sea,-32.05,33.82
36.421775,121.550791,2023,Yellow Sea,-31.04,27.83
36.42101,121.500962,2021,Yellow Sea,-34.19,24.49
36.419943,121.617102,2023,Yellow Sea,-32.05,32.96
36.41943,121.495684,2021,Yellow Sea,-33.19,24.01
36.417927,121.386052,2021,Yellow Sea,-30.07,20.5
36.41744,121.609786,2023,Yellow Sea,-32.05,32.11
36.416321,121.380073,2021,Yellow Sea,-29.07,20.28
36.415108,121.602172,2023,Yellow Sea,-32.04,31.25
36.41447,121.374291,2021,Yellow Sea,-29.07,20.05
36.414372,121.47984,2021,Yellow Sea,-32.04,22.55
36.413022,121.594448,2023,Yellow Sea,-31.03,30.41
36.412596,121.474718,2021,Yellow Sea,-32.18,22.08
36.412461,121.368452,2021,Yellow Sea,-28.07,19.82
36.411186,121.469375,2021,Yellow Sea,-32.03,21.64
36.411321,121.531786,2021,Yellow Sea,-32.04,25.37
36.410882,121.586797,2023,Yellow Sea,-31.03,29.57
36.410452,121.362594,2021,Yellow Sea,-28.07,19.62
36.409552,121.526328,2021,Yellow Sea,-34.9,24.79
36.409539,121.4641,2021,Yellow Sea,-32.03,21.2
36.408738,121.579145,2023,Yellow Sea,-31.01,28.74
36.408631,121.3567,2021,Yellow Sea,-28.07,19.46
36.40725,121.521072,2021,Yellow Sea,-36.76,24.18
36.406513,121.571495,2023,Yellow Sea,-31.01,27.91
36.405822,121.515553,2021,Yellow Sea,-38.76,23.65
36.405247,121.449219,2021,Yellow Sea,-31.03,20.03
36.404315,121.563835,2023,Yellow Sea,-31,27.08
36.403535,121.510229,2021,Yellow Sea,-40.89,23.05
36.401592,121.504769,2021,Yellow Sea,-41.04,22.47
36.401515,121.438681,2021,Yellow Sea,-30.02,19.17
36.400029,121.433435,2021,Yellow Sea,-31.01,18.81
36.399577,121.499393,2021,Yellow Sea,-38.18,21.9
36.397509,121.494035,2021,Yellow Sea,-37.17,21.33
36.393876,121.483267,2021,Yellow Sea,-33.16,20.26
36.393136,121.412314,2021,Yellow Sea,-30.01,17.34
36.391595,121.406987,2021,Yellow Sea,-30,17.04
36.391239,121.478012,2021,Yellow Sea,-32.16,19.65
36.390109,121.401728,2021,Yellow Sea,-30.01,16.76
36.38972,121.47256,2021,Yellow Sea,-32.01,19.16
36.388437,121.396345,2021,Yellow Sea,-30.01,16.47
36.386405,121.391235,2021,Yellow Sea,-31.01,16.15
36.385982,121.463227,2021,Yellow Sea,-32,18.21
36.384914,121.385902,2021,Yellow Sea,-31.01,15.93
36.383182,121.380542,2021,Yellow Sea,-31.01,15.7
36.381587,121.375261,2021,Yellow Sea,-31.01,15.51
36.380451,121.448162,2021,Yellow Sea,-31.99,16.8
36.37688,121.438257,2021,Yellow Sea,-32.12,15.93
36.37322,121.428262,2021,Yellow Sea,-31.97,15.09
36.371337,121.423264,2021,Yellow Sea,-31.97,14.68
36.363781,121.403235,2021,Yellow Sea,-32.97,13.17
36.361998,121.39827,2021,Yellow Sea,-32.11,12.85
36.360272,121.393199,2021,Yellow Sea,-31.97,12.56
36.35834,121.388289,2021,Yellow Sea,-30.97,12.26
36.356456,121.383238,2021,Yellow Sea,-30.97,12
36.537341,121.555803,2023,Yellow Sea,-28.14,25.38
36.535222,121.668937,2024,Yellow Sea,-29.13,25.53
36.531623,121.64469,2024,Yellow Sea,-29.14,25.54
36.526416,121.609171,2024,Yellow Sea,-29.14,26.05
36.514298,121.525101,2024,Yellow Sea,-29,29.45
36.47587,121.489862,2021,Yellow Sea,-30.13,30.77
36.472107,121.478577,2021,Yellow Sea,-30.13,29.84
36.45932,121.62607,2023,Yellow Sea,-30.08,35.36
36.456992,121.616323,2023,Yellow Sea,-30.07,35.66
36.452137,121.414269,2021,Yellow Sea,-28.12,25.45
36.450509,121.489753,2021,Yellow Sea,-30.09,27.54
36.4485,121.402482,2021,Yellow Sea,-28.12,24.81
36.447997,121.577276,2023,Yellow Sea,-31.06,32.51
36.44487,121.47212,2021,Yellow Sea,-31.08,26.06
36.44268,121.384825,2021,Yellow Sea,-28.12,23.92
36.439119,121.372905,2021,Yellow Sea,-28.12,23.47
36.437478,121.448608,2021,Yellow Sea,-30.08,24.25
36.43588,121.442664,2021,Yellow Sea,-30.08,23.86
36.434812,121.602139,2023,Yellow Sea,-30.06,33.08
36.429852,121.585187,2023,Yellow Sea,-31.05,31.25
36.427278,121.415541,2021,Yellow Sea,-29.08,22.06
36.426408,121.640378,2023,Yellow Sea,-32.06,35.54
36.425913,121.516746,2021,Yellow Sea,-31.06,26
36.424316,121.511404,2021,Yellow Sea,-33.91,25.49
36.421749,121.397819,2021,Yellow Sea,-29.93,21.08
36.419744,121.392023,2021,Yellow Sea,-30.07,20.77
36.417799,121.490369,2021,Yellow Sea,-33.05,23.52
36.416363,121.485081,2021,Yellow Sea,-32.18,23.06
36.403169,121.444045,2021,Yellow Sea,-31.02,19.57
36.402118,121.556175,2023,Yellow Sea,-30.01,26.25
36.398168,121.428202,2021,Yellow Sea,-31.01,18.41
36.395509,121.488749,2021,Yellow Sea,-34.16,20.78
36.394751,121.417627,2021,Yellow Sea,-30.15,17.68
36.378448,121.44335,2021,Yellow Sea,-32.98,16.34
36.375039,121.433197,2021,Yellow Sea,-31.97,15.5
36.367632,121.413281,2021,Yellow Sea,-31.97,13.91
36.36558,121.408306,2021,Yellow Sea,-32.82,13.52
37.238812,119.692449,2022,Bohai,-7.01,11.54
37.272813,119.460985,2022,Bohai,-9.09,16.02
37.267658,119.475784,2022,Bohai,-9.08,14.91
36.463638,121.450167,2021,Yellow Sea,-30.13,27.79
36.454072,121.501464,2021,Yellow Sea,-30.09,28.54
36.430818,121.427288,2021,Yellow Sea,-30.08,22.78
36.396535,121.422888,2021,Yellow Sea,-31.01,18.05
36.384224,121.458263,2021,Yellow Sea,-32,17.75
36.382466,121.453218,2021,Yellow Sea,-31.99,17.28
38.285341,119.003615,2022,Bohai,-19.19,24.42
38.25132,119.063327,2022,Bohai,-19.26,24.3
37.998788,119.240879,2025,Bohai,-15.75,13.31
37.262622,119.426495,2022,Bohai,-8.12,15.52
37.944349,121.891236,2023,Yellow Sea,-37.34,56.09
34.53452,120.004961,2020,Yellow Sea,-6.28,13.98
34.536969,119.999129,2020,Yellow Sea,-7.14,13.95
34.539128,119.994199,2020,Yellow Sea,-7.15,13.6
34.625517,119.761327,2020,Yellow Sea,-6.62,12.84
34.319274,120.619026,2020,Yellow Sea,-16.12,35.16
34.307061,120.613806,2020,Yellow Sea,-15.27,34.53
34.307126,120.627887,2020,Yellow Sea,-17.11,36.1
34.306933,120.634944,2020,Yellow Sea,-17.11,36.88
34.318823,120.672048,2020,Yellow Sea,-16.03,41.05
34.270521,120.58777,2020,Yellow Sea,-16.16,31.99
34.261982,120.602109,2020,Yellow Sea,-16.14,33.75
34.284312,120.542626,2020,Yellow Sea,-15.3,26.77
34.502411,120.079798,2020,Yellow Sea,-8.09,12.94
34.483883,120.122751,2020,Yellow Sea,-8.06,13.22
34.522679,120.001626,2020,Yellow Sea,-11.14,12.42
34.410496,120.159855,2020,Yellow Sea,-7.06,7.41
34.414959,120.165462,2020,Yellow Sea,-8.05,8.19
34.418825,120.171133,2020,Yellow Sea,-8.04,8.9
34.423465,120.17674,2020,Yellow Sea,-9.03,9.71
34.427977,120.182024,2020,Yellow Sea,-10.01,10.5
34.420823,120.193624,2020,Yellow Sea,-8.99,10.22
34.416248,120.188404,2020,Yellow Sea,-9,9.4
34.411736,120.182733,2020,Yellow Sea,-8.01,8.57
34.407741,120.177062,2020,Yellow Sea,-8.03,7.8
34.403359,120.171391,2020,Yellow Sea,-7.04,6.99
34.39482,120.184715,2020,Yellow Sea,-6.01,6.64
34.39917,120.190386,2020,Yellow Sea,-6.98,7.45
34.403133,120.19596,2020,Yellow Sea,-7.98,8.21
34.412316,120.206916,2020,Yellow Sea,-9.1,9.8
34.407709,120.201664,2020,Yellow Sea,-8.97,9.05
34.403939,120.219966,2020,Yellow Sea,-8.94,9.19
34.399298,120.214875,2020,Yellow Sea,-8.95,8.39
34.394723,120.209139,2020,Yellow Sea,-7.96,7.59
34.39105,120.203468,2020,Yellow Sea,-6.11,6.93
34.386409,120.197861,2020,Yellow Sea,-4.99,6.17
34.379321,120.208366,2020,Yellow Sea,-4.97,5.63
34.383832,120.213908,2020,Yellow Sea,-5.11,6.45
34.387956,120.219579,2020,Yellow Sea,-6.09,7.24
34.392274,120.22538,2020,Yellow Sea,-7.08,8.07
34.396978,120.230664,2020,Yellow Sea,-9.08,8.92
34.468835,120.330361,2020,Yellow Sea,-13.75,20.69
34.483722,120.30948,2020,Yellow Sea,-13.8,22.06
34.510627,120.326172,2020,Yellow Sea,-12.81,26
34.538854,120.333099,2020,Yellow Sea,-12.8,29.89
36.54312,121.609458,2024,Yellow Sea,-28.15,23.74
36.406529,121.4545,2021,Yellow Sea,-31.17,20.4
36.366122,121.239866,2022,Yellow Sea,-26.28,20.92
36.444728,121.390554,2021,Yellow Sea,-28.11,24.22
38.129387,122.120652,2025,Yellow Sea,-55.36,77.41
38.106573,122.136313,2025,Yellow Sea,-58.35,75.34
38.095747,122.1599,2025,Yellow Sea,-56.21,74.08
37.958142,121.85939,2023,Yellow Sea,-39.43,56.77
34.491156,120.33793,2020,Yellow Sea,-13.77,23.81
34.458288,120.382069,2020,Yellow Sea,-15.65,21.92
34.524025,119.984664,2020,Yellow Sea,-10.32,11.67
36.441945,121.252369,2022,Yellow Sea,-22.27,25.22
36.446686,121.413298,2021,Yellow Sea,-28.11,24.68
36.380016,121.430835,2021,Yellow Sea,-31.13,16.07
36.474495,121.657292,2023,Yellow Sea,-30.24,33.57
36.549955,121.585299,2023,Yellow Sea,-26.29,23.01
