latitude,longitude,capacity_mw,capacity_std_mw,hub_height_m,class,first_operating_quarter,water_depth_m,nation
34.595694,119.763888,8.183303220291592,1.0678819569077613,144.08789819487117,owt,Y2020Q1,-12.0,China
34.58689,119.756611,8.183303220291592,1.0678819569077613,144.08789819487117,owt,Y2020Q1,-12.0,China
34.591472,119.740621,8.183303220291592,1.0678819569077613,144.08789819487117,owt,Y2020Q1,-13.0,China
34.589316,119.748257,8.183303220291592,1.0678819569077613,144.08789819487117,owt,Y2020Q1,-12.0,China
34.580063,119.781495,8.183303220291592,1.0678819569077613,144.08789819487117,owt,Y2020Q1,-11.0,China
34.582309,119.77323,8.183303220291592,1.0678819569077613,144.08789819487117,owt,Y2020Q4,-12.0,China
34.592999,119.776015,8.183303220291592,1.0678819569077613,144.08789819487117,owt,Y2020Q2,-12.0,China
34.584644,119.764876,8.183303220291592,1.0678819569077613,144.08789819487117,owt,Y2020Q3,-12.0,China
34.569463,119.819404,8.183303220291592,1.0678819569077613,144.08789819487117,owt,Y2021Q2,-11.0,China
34.604138,119.801886,,,,sub,,,China
34.593268,119.821829,,,,const,,,China
34.585004,119.812666,,,,const,,,China
34.59228,119.838628,,,,sub,,,China
34.609707,119.840155,,,,const,,,China
34.519157,119.98128,7.783991210779204,0.6018687276927631,119.85408813697371,owt,Y2017Q1,-11.0,China
34.529128,119.987928,7.783991210779204,0.6018687276927631,119.85408813697371,owt,Y2021Q1,-12.0,China
34.53919,119.994306,7.783991210779204,0.6018687276927631,119.85408813697371,owt,Y2016Q4,-12.0,China
34.525805,119.995653,7.783991210779204,0.6018687276927631,119.85408813697371,owt,Y2016Q4,-12.0,China
34.520594,120.037335,7.783991210779204,0.6018687276927631,119.85408813697371,owt,Y2017Q3,-12.0,China
34.520864,120.007241,7.783991210779204,0.6018687276927631,119.85408813697371,owt,Y2017Q2,-12.0,China
34.528949,120.018021,7.783991210779204,0.6018687276927631,119.85408813697371,owt,Y2016Q4,-11.0,China
34.534608,120.004906,7.783991210779204,0.6018687276927631,119.85408813697371,owt,Y2016Q4,-12.0,China
34.52311,120.031586,7.783991210779204,0.6018687276927631,119.85408813697371,owt,Y2016Q4,-12.0,China
34.531913,120.011194,7.783991210779204,0.6018687276927631,119.85408813697371,owt,Y2016Q4,-11.0,China
34.526074,120.024759,7.783991210779204,0.6018687276927631,119.85408813697371,owt,Y2017Q3,-11.0,China
34.518439,120.042635,7.783991210779204,0.6018687276927631,119.85408813697371,owt,Y2017Q1,-11.0,China
34.509276,120.063925,7.783991210779204,0.6018687276927631,119.85408813697371,owt,Y2021Q2,-11.0,China
34.499125,120.057457,7.783991210779204,0.6018687276927631,119.85408813697371,owt,Y2018Q1,-12.0,China
34.481877,120.067698,7.783991210779204,0.6018687276927631,119.85408813697371,owt,Y2020Q1,-12.0,China
34.504604,120.074525,7.783991210779204,0.6018687276927631,119.85408813697371,owt,Y2016Q4,-12.0,China
34.502449,120.079825,7.783991210779204,0.6018687276927631,119.85408813697371,owt,Y2017Q2,-11.0,China
34.50694,120.069225,7.783991210779204,0.6018687276927631,119.85408813697371,owt,Y2021Q2,-12.0,China
34.488435,120.052606,7.783991210779204,0.6018687276927631,119.85408813697371,owt,Y2017Q3,-12.0,China
34.511522,120.058625,7.783991210779204,0.6018687276927631,119.85408813697371,owt,Y2016Q4,-11.0,China
34.493825,120.070034,7.783991210779204,0.6018687276927631,119.85408813697371,owt,Y2018Q2,-12.0,China
34.488435,120.08261,7.783991210779204,0.6018687276927631,119.85408813697371,owt,Y2018Q4,-11.0,China
34.478733,120.075244,7.783991210779204,0.6018687276927631,119.85408813697371,owt,Y2016Q4,-11.0,China
34.485201,120.060152,7.783991210779204,0.6018687276927631,119.85408813697371,owt,Y2018Q4,-12.0,China
34.513767,120.053235,7.783991210779204,0.6018687276927631,119.85408813697371,owt,Y2017Q1,-11.0,China
34.475589,120.08279,7.783991210779204,0.6018687276927631,119.85408813697371,owt,Y2016Q4,-11.0,China
34.500023,120.085215,7.783991210779204,0.6018687276927631,119.85408813697371,owt,Y2016Q4,-11.0,China
34.488794,120.111266,7.783991210779204,0.6018687276927631,119.85408813697371,owt,Y2016Q4,-11.0,China
34.49095,120.106415,7.783991210779204,0.6018687276927631,119.85408813697371,owt,Y2016Q4,-12.0,China
34.486997,120.115578,7.783991210779204,0.6018687276927631,119.85408813697371,owt,Y2016Q4,-11.0,China
34.493286,120.101115,7.783991210779204,0.6018687276927631,119.85408813697371,owt,Y2016Q4,-11.0,China
34.483853,120.122765,7.783991210779204,0.6018687276927631,119.85408813697371,owt,Y2017Q4,-11.0,China
34.485381,120.119261,7.783991210779204,0.6018687276927631,119.85408813697371,owt,Y2017Q3,-11.0,China
34.482955,120.095186,7.783991210779204,0.6018687276927631,119.85408813697371,owt,Y2021Q2,-12.0,China
34.47505,120.113512,7.783991210779204,0.6018687276927631,119.85408813697371,owt,Y2016Q4,-11.0,China
34.477835,120.106865,7.783991210779204,0.6018687276927631,119.85408813697371,owt,Y2017Q3,-12.0,China
34.495442,120.095725,7.783991210779204,0.6018687276927631,119.85408813697371,owt,Y2017Q1,-11.0,China
34.513588,119.994216,7.783991210779204,0.6018687276927631,119.85408813697371,owt,Y2017Q3,-12.0,China
34.510983,120.000414,7.783991210779204,0.6018687276927631,119.85408813697371,owt,Y2018Q3,-12.0,China
34.507928,120.007421,7.783991210779204,0.6018687276927631,119.85408813697371,owt,Y2018Q4,-12.0,China
34.504694,120.014967,7.783991210779204,0.6018687276927631,119.85408813697371,owt,Y2017Q3,-12.0,China
34.504604,120.044971,7.783991210779204,0.6018687276927631,119.85408813697371,owt,Y2018Q3,-12.0,China
34.494903,120.037604,7.783991210779204,0.6018687276927631,119.85408813697371,owt,Y2017Q3,-12.0,China
34.498137,120.030059,7.783991210779204,0.6018687276927631,119.85408813697371,owt,Y2020Q1,-12.0,China
34.509994,120.032394,7.783991210779204,0.6018687276927631,119.85408813697371,owt,Y2021Q1,-12.0,China
34.50721,120.038682,,,,sub,,,China
34.491669,120.04515,7.783991210779204,0.6018687276927631,119.85408813697371,owt,Y2018Q4,-12.0,China
34.497777,120.090425,7.783991210779204,0.6018687276927631,119.85408813697371,owt,Y2021Q1,-11.0,China
34.472355,120.090066,7.783991210779204,0.6018687276927631,119.85408813697371,owt,Y2016Q4,-12.0,China
34.516732,119.986939,7.783991210779204,0.6018687276927631,119.85408813697371,owt,Y2018Q4,-11.0,China
34.515474,120.019818,7.783991210779204,0.6018687276927631,119.85408813697371,owt,Y2018Q3,-12.0,China
34.50146,120.022513,7.783991210779204,0.6018687276927631,119.85408813697371,owt,Y2017Q3,-12.0,China
34.516193,120.047935,7.783991210779204,0.6018687276927631,119.85408813697371,owt,Y2017Q3,-11.0,China
34.466785,120.102912,7.783991210779204,0.6018687276927631,119.85408813697371,owt,Y2016Q4,-12.0,China
34.469211,120.097253,7.783991210779204,0.6018687276927631,119.85408813697371,owt,Y2016Q4,-12.0,China
34.537123,119.999157,7.783991210779204,0.6018687276927631,119.85408813697371,owt,Y2016Q4,-12.0,China
34.524098,119.984694,,,,sub,,,China
34.524727,120.320035,4.443804981785151,0.19197379625162914,91.59322458771601,owt,Y2017Q4,-13.0,China
34.524727,120.328299,4.443804981785151,0.19197379625162914,91.59322458771601,owt,Y2018Q1,-13.0,China
34.524727,120.304584,4.443804981785151,0.19197379625162914,91.59322458771601,owt,Y2018Q2,-13.0,China
34.53883,120.325784,4.443804981785151,0.19197379625162914,91.59322458771601,owt,Y2018Q2,-14.0,China
34.524906,120.31168,4.443804981785151,0.19197379625162914,91.59322458771601,owt,Y2018Q2,-13.0,China
34.524727,120.336654,4.443804981785151,0.19197379625162914,91.59322458771601,owt,Y2018Q1,-13.0,China
34.53874,120.33315,4.443804981785151,0.19197379625162914,91.59322458771601,owt,Y2018Q2,-14.0,China
34.524906,120.297487,4.443804981785151,0.19197379625162914,91.59322458771601,owt,Y2018Q2,-13.0,China
34.390698,120.203523,4.063347024933467,0.19301569741761176,89.01115659371129,owt,Y2017Q3,-12.0,China
34.386476,120.197864,4.063347024933467,0.19301569741761176,89.01115659371129,owt,Y2018Q2,-12.0,China
34.394651,120.209183,4.063347024933467,0.19301569741761176,89.01115659371129,owt,Y2020Q2,-11.0,China
34.383691,120.214034,4.063347024933467,0.19301569741761176,89.01115659371129,owt,Y2017Q1,-12.0,China
34.379379,120.208464,4.063347024933467,0.19301569741761176,89.01115659371129,owt,Y2016Q4,-12.0,China
34.387644,120.219783,4.063347024933467,0.19301569741761176,89.01115659371129,owt,Y2020Q2,-12.0,China
34.394741,120.184748,4.063347024933467,0.19301569741761176,89.01115659371129,owt,Y2016Q4,-12.0,China
34.399142,120.190408,4.063347024933467,0.19301569741761176,89.01115659371129,owt,Y2020Q4,-12.0,China
34.399322,120.214842,4.063347024933467,0.19301569741761176,89.01115659371129,owt,Y2018Q1,-11.0,China
34.396807,120.230652,4.063347024933467,0.19301569741761176,89.01115659371129,owt,Y2017Q2,-11.0,China
34.538561,120.377527,4.443804981785151,0.19197379625162914,91.59322458771601,owt,Y2018Q2,-15.0,China
34.538561,120.384354,4.443804981785151,0.19197379625162914,91.59322458771601,owt,Y2018Q1,-15.0,China
34.538651,120.370161,4.443804981785151,0.19197379625162914,91.59322458771601,owt,Y2018Q1,-15.0,China
34.524727,120.347074,4.443804981785151,0.19197379625162914,91.59322458771601,owt,Y2018Q1,-14.0,China
34.538561,120.362795,4.443804981785151,0.19197379625162914,91.59322458771601,owt,Y2018Q3,-15.0,China
34.524637,120.357494,4.443804981785151,0.19197379625162914,91.59322458771601,owt,Y2018Q2,-14.0,China
34.524727,120.367825,4.443804981785151,0.19197379625162914,91.59322458771601,owt,Y2018Q2,-14.0,China
34.53874,120.347972,4.443804981785151,0.19197379625162914,91.59322458771601,owt,Y2018Q2,-14.0,China
34.53874,120.355339,4.443804981785151,0.19197379625162914,91.59322458771601,owt,Y2018Q2,-14.0,China
34.524637,120.378246,4.443804981785151,0.19197379625162914,91.59322458771601,owt,Y2018Q3,-15.0,China
34.392225,120.225352,4.063347024933467,0.19301569741761176,89.01115659371129,owt,Y2018Q1,-11.0,China
34.535956,120.400614,4.443804981785151,0.19197379625162914,91.59322458771601,owt,Y2018Q1,-15.0,China
34.537393,120.392708,4.443804981785151,0.19197379625162914,91.59322458771601,owt,Y2018Q2,-15.0,China
34.534878,120.408339,4.443804981785151,0.19197379625162914,91.59322458771601,owt,Y2018Q1,-15.0,China
34.524367,120.428192,4.443804981785151,0.19197379625162914,91.59322458771601,owt,Y2018Q1,-15.0,China
34.53362,120.415795,4.443804981785151,0.19197379625162914,91.59322458771601,owt,Y2018Q2,-15.0,China
34.524547,120.403219,4.443804981785151,0.19197379625162914,91.59322458771601,owt,Y2018Q2,-15.0,China
34.524547,120.394864,4.443804981785151,0.19197379625162914,91.59322458771601,owt,Y2018Q1,-15.0,China
34.524547,120.419927,4.443804981785151,0.19197379625162914,91.59322458771601,owt,Y2018Q2,-15.0,China
34.524457,120.411573,4.443804981785151,0.19197379625162914,91.59322458771601,owt,Y2017Q4,-15.0,China
34.524367,120.460262,4.443804981785151,0.19197379625162914,91.59322458771601,owt,Y2018Q1,-16.0,China
34.524278,120.474365,4.443804981785151,0.19197379625162914,91.59322458771601,owt,Y2018Q2,-16.0,China
34.524367,120.453165,4.443804981785151,0.19197379625162914,91.59322458771601,owt,Y2018Q1,-16.0,China
34.524457,120.436546,4.443804981785151,0.19197379625162914,91.59322458771601,owt,Y2018Q2,-15.0,China
34.524278,120.444901,4.443804981785151,0.19197379625162914,91.59322458771601,owt,Y2018Q1,-16.0,China
34.524367,120.467269,4.443804981785151,0.19197379625162914,91.59322458771601,owt,Y2018Q2,-16.0,China
34.510713,120.259219,4.443804981785151,0.19197379625162914,91.59322458771601,owt,Y2018Q3,-12.0,China
34.510893,120.252122,4.443804981785151,0.19197379625162914,91.59322458771601,owt,Y2018Q3,-12.0,China
34.510713,120.266315,4.443804981785151,0.19197379625162914,91.59322458771601,owt,Y2018Q2,-12.0,China
34.510623,120.280958,4.443804981785151,0.19197379625162914,91.59322458771601,owt,Y2018Q2,-12.0,China
34.510623,120.29605,4.443804981785151,0.19197379625162914,91.59322458771601,owt,Y2018Q1,-13.0,China
34.510623,120.288504,4.443804981785151,0.19197379625162914,91.59322458771601,owt,Y2018Q1,-12.0,China
34.483584,120.294073,4.443804981785151,0.19197379625162914,91.59322458771601,owt,Y2017Q3,-12.0,China
34.510623,120.311141,4.443804981785151,0.19197379625162914,91.59322458771601,owt,Y2017Q4,-13.0,China
34.483404,120.301889,4.443804981785151,0.19197379625162914,91.59322458771601,owt,Y2017Q3,-12.0,China
34.483674,120.286348,4.443804981785151,0.19197379625162914,91.59322458771601,owt,Y2017Q3,-12.0,China
34.510533,120.303596,4.443804981785151,0.19197379625162914,91.59322458771601,owt,Y2019Q1,-13.0,China
34.483584,120.309524,4.443804981785151,0.19197379625162914,91.59322458771601,owt,Y2017Q3,-12.0,China
34.483404,120.355967,4.443804981785151,0.19197379625162914,91.59322458771601,owt,Y2017Q3,-13.0,China
34.483404,120.340516,4.443804981785151,0.19197379625162914,91.59322458771601,owt,Y2017Q3,-13.0,China
34.483494,120.348242,4.443804981785151,0.19197379625162914,91.59322458771601,owt,Y2017Q4,-13.0,China
34.510533,120.341415,4.443804981785151,0.19197379625162914,91.59322458771601,owt,Y2018Q1,-13.0,China
34.510533,120.34896,4.443804981785151,0.19197379625162914,91.59322458771601,owt,Y2018Q1,-14.0,China
34.510444,120.326323,4.443804981785151,0.19197379625162914,91.59322458771601,owt,Y2017Q4,-13.0,China
34.483494,120.325065,4.443804981785151,0.19197379625162914,91.59322458771601,owt,Y2017Q3,-13.0,China
34.510533,120.333779,4.443804981785151,0.19197379625162914,91.59322458771601,owt,Y2017Q3,-13.0,China
34.510264,120.356506,4.443804981785151,0.19197379625162914,91.59322458771601,owt,Y2018Q1,-14.0,China
34.510264,120.401871,4.443804981785151,0.19197379625162914,91.59322458771601,owt,Y2018Q1,-15.0,China
34.483314,120.394595,4.443804981785151,0.19197379625162914,91.59322458771601,owt,Y2017Q3,-14.0,China
34.510533,120.394236,4.443804981785151,0.19197379625162914,91.59322458771601,owt,Y2018Q2,-15.0,China
34.510444,120.371598,4.443804981785151,0.19197379625162914,91.59322458771601,owt,Y2018Q1,-14.0,China
34.510264,120.379234,4.443804981785151,0.19197379625162914,91.59322458771601,owt,Y2018Q1,-15.0,China
34.483314,120.371418,4.443804981785151,0.19197379625162914,91.59322458771601,owt,Y2017Q3,-14.0,China
34.483314,120.40232,4.443804981785151,0.19197379625162914,91.59322458771601,owt,Y2017Q3,-14.0,China
34.483225,120.386869,4.443804981785151,0.19197379625162914,91.59322458771601,owt,Y2017Q3,-14.0,China
34.510264,120.38669,4.443804981785151,0.19197379625162914,91.59322458771601,owt,Y2018Q1,-15.0,China
34.483314,120.379144,4.443804981785151,0.19197379625162914,91.59322458771601,owt,Y2017Q3,-14.0,China
34.483135,120.417143,4.443804981785151,0.19197379625162914,91.59322458771601,owt,Y2017Q4,-15.0,China
34.510264,120.431067,4.443804981785151,0.19197379625162914,91.59322458771601,owt,Y2018Q1,-15.0,China
34.510264,120.44526,4.443804981785151,0.19197379625162914,91.59322458771601,owt,Y2018Q1,-16.0,China
34.510264,120.416873,4.443804981785151,0.19197379625162914,91.59322458771601,owt,Y2018Q1,-15.0,China
34.510174,120.438163,4.443804981785151,0.19197379625162914,91.59322458771601,owt,Y2018Q1,-15.0,China
34.510264,120.42397,4.443804981785151,0.19197379625162914,91.59322458771601,owt,Y2017Q3,-15.0,China
34.510084,120.452267,4.443804981785151,0.19197379625162914,91.59322458771601,owt,Y2017Q4,-16.0,China
34.510713,120.273412,4.443804981785151,0.19197379625162914,91.59322458771601,owt,Y2018Q2,-12.0,China
34.483494,120.31734,4.443804981785151,0.19197379625162914,91.59322458771601,owt,Y2017Q3,-12.0,China
34.510623,120.318687,4.443804981785151,0.19197379625162914,91.59322458771601,owt,Y2018Q2,-13.0,China
34.483404,120.363693,4.443804981785151,0.19197379625162914,91.59322458771601,owt,Y2017Q4,-14.0,China
34.510444,120.364052,4.443804981785151,0.19197379625162914,91.59322458771601,owt,Y2018Q2,-14.0,China
34.483314,120.410046,4.443804981785151,0.19197379625162914,91.59322458771601,owt,Y2017Q4,-15.0,China
34.510354,120.409327,4.443804981785151,0.19197379625162914,91.59322458771601,owt,Y2018Q1,-15.0,China
34.510084,120.459363,4.443804981785151,0.19197379625162914,91.59322458771601,owt,Y2018Q1,-16.0,China
34.524996,120.29039,4.443804981785151,0.19197379625162914,91.59322458771601,owt,Y2018Q2,-12.0,China
34.524817,120.283383,4.443804981785151,0.19197379625162914,91.59322458771601,owt,Y2018Q4,-12.0,China
34.522391,120.275658,4.443804981785151,0.19197379625162914,91.59322458771601,owt,Y2018Q2,-12.0,China
34.453311,120.350038,4.443804981785151,0.19197379625162914,91.59322458771601,owt,Y2017Q4,-13.0,China
34.453311,120.356686,4.443804981785151,0.19197379625162914,91.59322458771601,owt,Y2017Q4,-13.0,China
34.453221,120.343481,4.443804981785151,0.19197379625162914,91.59322458771601,owt,Y2017Q4,-13.0,China
34.453131,120.369981,4.443804981785151,0.19197379625162914,91.59322458771601,owt,Y2017Q4,-13.0,China
34.468582,120.387139,4.443804981785151,0.19197379625162914,91.59322458771601,owt,Y2017Q4,-14.0,China
34.427799,120.182143,4.063347024933467,0.19301569741761176,89.01115659371129,owt,Y2021Q1,-12.0,China
34.53874,120.340606,4.443804981785151,0.19197379625162914,91.59322458771601,owt,Y2018Q2,-14.0,China
34.453221,120.363334,4.443804981785151,0.19197379625162914,91.59322458771601,owt,Y2018Q1,-13.0,China
34.410371,120.159865,4.063347024933467,0.19301569741761176,89.01115659371129,owt,Y2016Q4,-12.0,China
34.418636,120.171184,4.063347024933467,0.19301569741761176,89.01115659371129,owt,Y2020Q3,-12.0,China
34.403275,120.171543,4.063347024933467,0.19301569741761176,89.01115659371129,owt,Y2020Q2,-12.0,China
34.414683,120.165525,4.063347024933467,0.19301569741761176,89.01115659371129,owt,Y2016Q4,-12.0,China
34.407586,120.177113,4.063347024933467,0.19301569741761176,89.01115659371129,owt,Y2018Q2,-12.0,China
34.412168,120.207027,4.063347024933467,0.19301569741761176,89.01115659371129,owt,Y2016Q4,-11.0,China
34.407676,120.201727,4.063347024933467,0.19301569741761176,89.01115659371129,owt,Y2019Q2,-12.0,China
34.403813,120.220142,4.063347024933467,0.19301569741761176,89.01115659371129,owt,Y2016Q4,-11.0,China
34.41612,120.188432,4.063347024933467,0.19301569741761176,89.01115659371129,owt,Y2020Q2,-12.0,China
34.403095,120.196067,4.063347024933467,0.19301569741761176,89.01115659371129,owt,Y2018Q2,-12.0,China
34.411629,120.182772,4.063347024933467,0.19301569741761176,89.01115659371129,owt,Y2016Q4,-12.0,China
34.420702,120.193732,4.063347024933467,0.19301569741761176,89.01115659371129,owt,Y2017Q2,-11.0,China
34.524637,120.3866,4.443804981785151,0.19197379625162914,91.59322458771601,owt,Y2018Q1,-15.0,China
34.468941,120.314196,4.443804981785151,0.19197379625162914,91.59322458771601,owt,Y2017Q4,-12.0,China
34.468672,120.346625,4.443804981785151,0.19197379625162914,91.59322458771601,owt,Y2017Q4,-13.0,China
34.468672,120.35471,4.443804981785151,0.19197379625162914,91.59322458771601,owt,Y2017Q4,-13.0,China
34.468852,120.330365,4.443804981785151,0.19197379625162914,91.59322458771601,owt,Y2017Q4,-13.0,China
34.468852,120.33845,4.443804981785151,0.19197379625162914,91.59322458771601,owt,Y2017Q4,-13.0,China
34.468582,120.394146,4.443804981785151,0.19197379625162914,91.59322458771601,owt,Y2018Q1,-14.0,China
34.468582,120.379054,4.443804981785151,0.19197379625162914,91.59322458771601,owt,Y2018Q1,-14.0,China
34.468672,120.370879,4.443804981785151,0.19197379625162914,91.59322458771601,owt,Y2017Q4,-13.0,China
34.468672,120.362795,4.443804981785151,0.19197379625162914,91.59322458771601,owt,Y2017Q4,-13.0,China
34.423217,120.176843,4.063347024933467,0.19301569741761176,89.01115659371129,owt,Y2020Q2,-12.0,China
34.49104,120.337911,,,,sub,,,China
34.468762,120.322281,4.443804981785151,0.19197379625162914,91.59322458771601,owt,Y2017Q3,-12.0,China
34.306077,120.550722,3.379125344036158,0.1913811592356454,83.43310296040067,owt,Y2019Q3,-14.0,China
34.318923,120.654388,4.29370567715868,0.1921129580752742,90.60132558125464,owt,Y2020Q4,-15.0,China
34.318923,120.648549,4.29370567715868,0.1921129580752742,90.60132558125464,owt,Y2021Q2,-15.0,China
34.318833,120.660317,4.29370567715868,0.1921129580752742,90.60132558125464,owt,Y2021Q1,-15.0,China
34.306885,120.634984,4.29370567715868,0.1921129580752742,90.60132558125464,owt,Y2020Q4,-14.0,China
34.306795,120.642171,4.29370567715868,0.1921129580752742,90.60132558125464,owt,Y2020Q4,-15.0,China
34.307065,120.627977,4.29370567715868,0.1921129580752742,90.60132558125464,owt,Y2020Q4,-14.0,China
34.306885,120.650345,4.29370567715868,0.1921129580752742,90.60132558125464,owt,Y2020Q3,-15.0,China
34.318923,120.64262,4.29370567715868,0.1921129580752742,90.60132558125464,owt,Y2021Q1,-15.0,China
34.318833,120.666156,4.29370567715868,0.1921129580752742,90.60132558125464,owt,Y2020Q3,-15.0,China
34.306885,120.659239,4.29370567715868,0.1921129580752742,90.60132558125464,owt,Y2020Q4,-15.0,China
34.319102,120.636781,4.29370567715868,0.1921129580752742,90.60132558125464,owt,Y2021Q1,-15.0,China
34.319102,120.630852,4.29370567715868,0.1921129580752742,90.60132558125464,owt,Y2020Q4,-15.0,China
34.306526,120.698046,4.29370567715868,0.1921129580752742,90.60132558125464,owt,Y2021Q1,-15.0,China
34.318653,120.678013,4.29370567715868,0.1921129580752742,90.60132558125464,owt,Y2020Q4,-15.0,China
34.306616,120.687985,4.29370567715868,0.1921129580752742,90.60132558125464,owt,Y2021Q1,-15.0,China
34.318653,120.701549,4.29370567715868,0.1921129580752742,90.60132558125464,owt,Y2021Q1,-15.0,China
34.318833,120.672085,4.29370567715868,0.1921129580752742,90.60132558125464,owt,Y2020Q4,-15.0,China
34.318653,120.69562,4.29370567715868,0.1921129580752742,90.60132558125464,owt,Y2021Q1,-15.0,China
34.306616,120.677924,4.29370567715868,0.1921129580752742,90.60132558125464,owt,Y2020Q4,-15.0,China
34.318384,120.707478,4.29370567715868,0.1921129580752742,90.60132558125464,owt,Y2021Q1,-15.0,China
34.318743,120.683852,4.29370567715868,0.1921129580752742,90.60132558125464,owt,Y2020Q4,-15.0,China
34.318743,120.689691,4.29370567715868,0.1921129580752742,90.60132558125464,owt,Y2021Q1,-15.0,China
34.306526,120.70667,4.29370567715868,0.1921129580752742,90.60132558125464,owt,Y2021Q1,-15.0,China
34.318743,120.713227,4.29370567715868,0.1921129580752742,90.60132558125464,owt,Y2021Q1,-15.0,China
34.306436,120.72248,4.29370567715868,0.1921129580752742,90.60132558125464,owt,Y2021Q1,-15.0,China
34.306256,120.738201,4.29370567715868,0.1921129580752742,90.60132558125464,owt,Y2021Q1,-15.0,China
34.306346,120.730475,4.29370567715868,0.1921129580752742,90.60132558125464,owt,Y2021Q1,-15.0,China
34.318294,120.719336,4.29370567715868,0.1921129580752742,90.60132558125464,owt,Y2021Q1,-15.0,China
34.269605,120.491433,3.832008303992556,0.19368904464490772,87.30177799228815,owt,Y2019Q3,-12.0,China
34.272839,120.486133,3.832008303992556,0.19368904464490772,87.30177799228815,owt,Y2019Q3,-12.0,China
34.27778,120.497632,3.832008303992556,0.19368904464490772,87.30177799228815,owt,Y2019Q4,-13.0,China
34.266461,120.496644,3.832008303992556,0.19368904464490772,87.30177799228815,owt,Y2019Q3,-13.0,China
34.274636,120.502932,3.832008303992556,0.19368904464490772,87.30177799228815,owt,Y2019Q3,-13.0,China
34.263497,120.501854,3.832008303992556,0.19368904464490772,87.30177799228815,owt,Y2019Q3,-13.0,China
34.268258,120.513532,3.832008303992556,0.19368904464490772,87.30177799228815,owt,Y2019Q3,-13.0,China
34.262149,120.524042,3.832008303992556,0.19368904464490772,87.30177799228815,owt,Y2019Q3,-13.0,China
34.257029,120.512364,3.832008303992556,0.19368904464490772,87.30177799228815,owt,Y2019Q3,-13.0,China
34.287751,120.536798,3.379125344036158,0.1913811592356454,83.43310296040067,owt,Y2018Q4,-13.0,China
34.296285,120.544883,3.379125344036158,0.1913811592356454,83.43310296040067,owt,Y2019Q2,-14.0,China
34.265203,120.518832,3.832008303992556,0.19368904464490772,87.30177799228815,owt,Y2019Q3,-13.0,China
34.291524,120.53078,3.379125344036158,0.1913811592356454,83.43310296040067,owt,Y2019Q2,-13.0,China
34.258825,120.529342,3.832008303992556,0.19368904464490772,87.30177799228815,owt,Y2019Q3,-13.0,China
34.294848,120.524851,3.379125344036158,0.1913811592356454,83.43310296040067,owt,Y2019Q2,-13.0,China
34.284248,120.542727,3.379125344036158,0.1913811592356454,83.43310296040067,owt,Y2019Q1,-13.0,China
34.291883,120.55207,3.379125344036158,0.1913811592356454,83.43310296040067,owt,Y2019Q2,-14.0,China
34.255681,120.534642,3.832008303992556,0.19368904464490772,87.30177799228815,owt,Y2019Q3,-13.0,China
34.280475,120.548746,3.379125344036158,0.1913811592356454,83.43310296040067,owt,Y2019Q1,-13.0,China
34.259185,120.584499,3.379125344036158,0.1913811592356454,83.43310296040067,owt,Y2019Q3,-14.0,China
34.270593,120.587823,3.379125344036158,0.1913811592356454,83.43310296040067,owt,Y2019Q3,-14.0,China
34.290716,120.576324,3.379125344036158,0.1913811592356454,83.43310296040067,owt,Y2019Q4,-14.0,China
34.2829,120.58926,3.379125344036158,0.1913811592356454,83.43310296040067,owt,Y2019Q3,-14.0,China
34.262778,120.57857,3.379125344036158,0.1913811592356454,83.43310296040067,owt,Y2019Q3,-14.0,China
34.269875,120.566532,3.379125344036158,0.1913811592356454,83.43310296040067,owt,Y2018Q4,-13.0,China
34.274815,120.580636,3.379125344036158,0.1913811592356454,83.43310296040067,owt,Y2019Q2,-14.0,China
34.279127,120.573539,3.379125344036158,0.1913811592356454,83.43310296040067,owt,Y2019Q2,-14.0,China
34.294578,120.570036,3.379125344036158,0.1913811592356454,83.43310296040067,owt,Y2019Q4,-14.0,China
34.266371,120.572551,3.379125344036158,0.1913811592356454,83.43310296040067,owt,Y2019Q2,-13.0,China
34.279127,120.595638,3.379125344036158,0.1913811592356454,83.43310296040067,owt,Y2019Q4,-14.0,China
34.286853,120.582792,3.379125344036158,0.1913811592356454,83.43310296040067,owt,Y2019Q4,-14.0,China
34.266192,120.595009,3.379125344036158,0.1913811592356454,83.43310296040067,owt,Y2019Q3,-14.0,China
34.273468,120.560604,3.379125344036158,0.1913811592356454,83.43310296040067,owt,Y2019Q1,-13.0,China
34.255681,120.590428,3.379125344036158,0.1913811592356454,83.43310296040067,owt,Y2019Q2,-13.0,China
34.287751,120.559256,3.379125344036158,0.1913811592356454,83.43310296040067,owt,Y2019Q2,-14.0,China
34.283439,120.566353,3.379125344036158,0.1913811592356454,83.43310296040067,owt,Y2019Q2,-14.0,China
34.271492,120.608484,3.379125344036158,0.1913811592356454,83.43310296040067,owt,Y2019Q3,-14.0,China
34.294848,120.632828,4.29370567715868,0.1921129580752742,90.60132558125464,owt,Y2020Q2,-14.0,China
34.263856,120.62124,3.379125344036158,0.1913811592356454,83.43310296040067,owt,Y2019Q3,-14.0,China
34.294848,120.639925,4.29370567715868,0.1921129580752742,90.60132558125464,owt,Y2020Q3,-14.0,China
34.259903,120.627708,3.379125344036158,0.1913811592356454,83.43310296040067,owt,Y2019Q3,-14.0,China
34.267629,120.614682,3.379125344036158,0.1913811592356454,83.43310296040067,owt,Y2019Q3,-14.0,China
34.256041,120.634086,3.379125344036158,0.1913811592356454,83.43310296040067,owt,Y2019Q3,-14.0,China
34.257658,120.609292,3.379125344036158,0.1913811592356454,83.43310296040067,owt,Y2019Q2,-14.0,China
34.275265,120.602106,3.379125344036158,0.1913811592356454,83.43310296040067,owt,Y2019Q3,-14.0,China
34.282631,120.678822,4.29370567715868,0.1921129580752742,90.60132558125464,owt,Y2020Q3,-15.0,China
34.294668,120.678912,4.29370567715868,0.1921129580752742,90.60132558125464,owt,Y2020Q3,-15.0,China
34.282721,120.654208,4.29370567715868,0.1921129580752742,90.60132558125464,owt,Y2020Q3,-14.0,China
34.282721,120.660406,4.29370567715868,0.1921129580752742,90.60132558125464,owt,Y2020Q3,-15.0,China
34.294758,120.670108,4.29370567715868,0.1921129580752742,90.60132558125464,owt,Y2020Q2,-15.0,China
34.282631,120.672713,4.29370567715868,0.1921129580752742,90.60132558125464,owt,Y2020Q2,-15.0,China
34.294668,120.661035,4.29370567715868,0.1921129580752742,90.60132558125464,owt,Y2020Q3,-15.0,China
34.282631,120.68502,4.29370567715868,0.1921129580752742,90.60132558125464,owt,Y2020Q3,-15.0,China
34.28281,120.666515,4.29370567715868,0.1921129580752742,90.60132558125464,owt,Y2020Q3,-15.0,China
34.294578,120.654028,4.29370567715868,0.1921129580752742,90.60132558125464,owt,Y2020Q3,-15.0,China
34.294578,120.687895,4.29370567715868,0.1921129580752742,90.60132558125464,owt,Y2020Q4,-15.0,China
34.282361,120.72805,4.29370567715868,0.1921129580752742,90.60132558125464,owt,Y2020Q3,-15.0,China
34.282361,120.709634,4.29370567715868,0.1921129580752742,90.60132558125464,owt,Y2020Q3,-15.0,China
34.282271,120.721941,4.29370567715868,0.1921129580752742,90.60132558125464,owt,Y2020Q3,-15.0,China
34.294309,120.716102,4.29370567715868,0.1921129580752742,90.60132558125464,owt,Y2020Q4,-15.0,China
34.294399,120.724726,4.29370567715868,0.1921129580752742,90.60132558125464,owt,Y2020Q4,-15.0,China
34.282361,120.703526,4.29370567715868,0.1921129580752742,90.60132558125464,owt,Y2020Q3,-15.0,China
34.282361,120.715743,4.29370567715868,0.1921129580752742,90.60132558125464,owt,Y2020Q3,-15.0,China
34.282182,120.734248,4.29370567715868,0.1921129580752742,90.60132558125464,owt,Y2020Q4,-15.0,China
34.282721,120.697237,4.29370567715868,0.1921129580752742,90.60132558125464,owt,Y2020Q3,-15.0,China
34.294489,120.70622,4.29370567715868,0.1921129580752742,90.60132558125464,owt,Y2020Q3,-15.0,China
34.294489,120.696788,4.29370567715868,0.1921129580752742,90.60132558125464,owt,Y2020Q3,-15.0,China
34.294399,120.733619,4.29370567715868,0.1921129580752742,90.60132558125464,owt,Y2021Q1,-15.0,China
34.319102,120.595548,4.29370567715868,0.1921129580752742,90.60132558125464,owt,Y2021Q1,-14.0,China
34.302394,120.5571,3.379125344036158,0.1913811592356454,83.43310296040067,owt,Y2019Q4,-14.0,China
34.282092,120.76506,4.29370567715868,0.1921129580752742,90.60132558125464,owt,Y2021Q1,-15.0,China
34.282182,120.752753,4.29370567715868,0.1921129580752742,90.60132558125464,owt,Y2021Q1,-15.0,China
34.282271,120.746555,4.29370567715868,0.1921129580752742,90.60132558125464,owt,Y2021Q1,-15.0,China
34.282002,120.758952,4.29370567715868,0.1921129580752742,90.60132558125464,owt,Y2021Q1,-15.0,China
34.282092,120.771528,4.29370567715868,0.1921129580752742,90.60132558125464,owt,Y2021Q1,-15.0,China
34.294399,120.757155,4.29370567715868,0.1921129580752742,90.60132558125464,owt,Y2021Q1,-15.0,China
34.282092,120.777367,4.29370567715868,0.1921129580752742,90.60132558125464,owt,Y2021Q1,-15.0,China
34.294309,120.749519,4.29370567715868,0.1921129580752742,90.60132558125464,owt,Y2020Q4,-15.0,China
34.294309,120.741524,4.29370567715868,0.1921129580752742,90.60132558125464,owt,Y2021Q1,-15.0,China
34.282182,120.740446,4.29370567715868,0.1921129580752742,90.60132558125464,owt,Y2021Q1,-15.0,China
34.271492,120.508232,3.832008303992556,0.19368904464490772,87.30177799228815,owt,Y2019Q3,-13.0,China
34.260263,120.507154,3.832008303992556,0.19368904464490772,87.30177799228815,owt,Y2019Q3,-13.0,China
34.277061,120.554675,3.379125344036158,0.1913811592356454,83.43310296040067,owt,Y2018Q4,-13.0,China
34.26197,120.602106,3.379125344036158,0.1913811592356454,83.43310296040067,owt,Y2019Q2,-14.0,China
34.294668,120.646932,4.29370567715868,0.1921129580752742,90.60132558125464,owt,Y2020Q3,-15.0,China
34.282631,120.691129,4.29370567715868,0.1921129580752742,90.60132558125464,owt,Y2020Q3,-15.0,China
34.25083,120.522785,3.832008303992556,0.19368904464490772,87.30177799228815,owt,Y2019Q3,-13.0,China
34.319013,120.625013,4.29370567715868,0.1921129580752742,90.60132558125464,owt,Y2021Q1,-15.0,China
34.319282,120.607226,4.29370567715868,0.1921129580752742,90.60132558125464,owt,Y2021Q1,-14.0,China
34.319013,120.619084,4.29370567715868,0.1921129580752742,90.60132558125464,owt,Y2020Q4,-15.0,China
34.306885,120.613874,4.29370567715868,0.1921129580752742,90.60132558125464,owt,Y2020Q3,-14.0,China
34.318923,120.613245,4.29370567715868,0.1921129580752742,90.60132558125464,owt,Y2020Q4,-15.0,China
34.306975,120.620881,4.29370567715868,0.1921129580752742,90.60132558125464,owt,Y2020Q4,-14.0,China
34.306706,120.668312,4.29370567715868,0.1921129580752742,90.60132558125464,owt,Y2020Q4,-15.0,China
34.300507,120.537697,3.379125344036158,0.1913811592356454,83.43310296040067,owt,Y2019Q2,-13.0,China
34.298441,120.563568,3.379125344036158,0.1913811592356454,83.43310296040067,owt,Y2019Q3,-14.0,China
34.306616,120.714485,4.29370567715868,0.1921129580752742,90.60132558125464,owt,Y2021Q1,-15.0,China
34.319102,120.601387,4.29370567715868,0.1921129580752742,90.60132558125464,owt,Y2021Q1,-14.0,China
34.252537,120.539942,3.832008303992556,0.19368904464490772,87.30177799228815,owt,Y2019Q3,-13.0,China
34.254064,120.517574,3.832008303992556,0.19368904464490772,87.30177799228815,owt,Y2019Q3,-13.0,China
34.252178,120.596357,3.379125344036158,0.1913811592356454,83.43310296040067,owt,Y2019Q3,-14.0,China
34.253346,120.616389,3.379125344036158,0.1913811592356454,83.43310296040067,owt,Y2019Q2,-14.0,China
34.252268,120.640554,3.379125344036158,0.1913811592356454,83.43310296040067,owt,Y2019Q3,-14.0,China
34.314431,120.602016,,,,sub,,,China
34.250112,120.526557,,,,sub,,,China
34.618601,119.75715,8.183303220291592,1.0678819569077613,144.08789819487117,owt,Y2021Q1,-11.0,China
34.639352,119.769727,8.183303220291592,1.0678819569077613,144.08789819487117,owt,Y2021Q2,-11.0,China
34.620397,119.791376,8.183303220291592,1.0678819569077613,144.08789819487117,owt,Y2021Q1,-10.0,China
34.631357,119.788412,8.183303220291592,1.0678819569077613,144.08789819487117,owt,Y2020Q2,-11.0,China
34.623092,119.779159,8.183303220291592,1.0678819569077613,144.08789819487117,owt,Y2021Q1,-10.0,China
34.628572,119.800539,8.183303220291592,1.0678819569077613,144.08789819487117,owt,Y2021Q2,-10.0,China
34.617702,119.803593,8.183303220291592,1.0678819569077613,144.08789819487117,owt,Y2021Q1,-11.0,China
34.634052,119.776195,8.183303220291592,1.0678819569077613,144.08789819487117,owt,Y2021Q1,-11.0,China
34.632435,119.765595,8.183303220291592,1.0678819569077613,144.08789819487117,owt,Y2021Q1,-11.0,China
34.604138,119.818775,8.183303220291592,1.0678819569077613,144.08789819487117,owt,Y2021Q2,-11.0,China
34.587609,119.800449,8.183303220291592,1.0678819569077613,144.08789819487117,owt,Y2021Q2,-12.0,China
34.598748,119.796676,8.183303220291592,1.0678819569077613,144.08789819487117,owt,Y2020Q1,-11.0,China
34.595963,119.809612,8.183303220291592,1.0678819569077613,144.08789819487117,owt,Y2020Q1,-11.0,China
34.612402,119.827938,8.183303220291592,1.0678819569077613,144.08789819487117,owt,Y2021Q1,-10.0,China
34.609528,119.79443,8.183303220291592,1.0678819569077613,144.08789819487117,owt,Y2021Q1,-11.0,China
34.582309,119.824794,8.183303220291592,1.0678819569077613,144.08789819487117,owt,Y2021Q2,-10.0,China
34.573775,119.803863,8.183303220291592,1.0678819569077613,144.08789819487117,owt,Y2021Q2,-12.0,China
34.583746,119.788232,8.183303220291592,1.0678819569077613,144.08789819487117,owt,Y2018Q1,-11.0,China
34.576021,119.796047,8.183303220291592,1.0678819569077613,144.08789819487117,owt,Y2021Q1,-12.0,China
34.571619,119.811588,8.183303220291592,1.0678819569077613,144.08789819487117,owt,Y2021Q2,-11.0,China
34.601533,119.830902,8.183303220291592,1.0678819569077613,144.08789819487117,owt,Y2021Q2,-11.0,China
34.604767,119.748706,8.183303220291592,1.0678819569077613,144.08789819487117,owt,Y2020Q3,-12.0,China
34.611684,119.753018,8.183303220291592,1.0678819569077613,144.08789819487117,owt,Y2020Q3,-11.0,China
34.597939,119.744574,8.183303220291592,1.0678819569077613,144.08789819487117,owt,Y2020Q2,-12.0,China
34.606563,119.760833,8.183303220291592,1.0678819569077613,144.08789819487117,owt,Y2020Q2,-12.0,China
34.625608,119.761372,8.183303220291592,1.0678819569077613,144.08789819487117,owt,Y2021Q1,-11.0,China
34.601263,119.785178,8.183303220291592,1.0678819569077613,144.08789819487117,owt,Y2020Q2,-12.0,China
34.614828,119.769996,8.183303220291592,1.0678819569077613,144.08789819487117,owt,Y2021Q1,-12.0,China
34.612133,119.782213,8.183303220291592,1.0678819569077613,144.08789819487117,owt,Y2021Q1,-10.0,China
34.603868,119.773051,8.183303220291592,1.0678819569077613,144.08789819487117,owt,Y2020Q2,-12.0,China
34.620667,119.8371,8.183303220291592,1.0678819569077613,144.08789819487117,owt,Y2021Q1,-10.0,China
34.617972,119.849318,8.183303220291592,1.0678819569077613,144.08789819487117,owt,Y2021Q1,-10.0,China
34.623362,119.824973,8.183303220291592,1.0678819569077613,144.08789819487117,owt,Y2021Q1,-10.0,China
34.626057,119.812756,8.183303220291592,1.0678819569077613,144.08789819487117,owt,Y2021Q2,-10.0,China
34.615097,119.81581,8.183303220291592,1.0678819569077613,144.08789819487117,owt,Y2021Q2,-10.0,China
