id,latitude,longitude,count,capacity_mw,iso3,landscape_area_km2
7275,38.097858,118.116937,1,,CHN,2.01061929829747
7276,38.074311,118.10785,1,,CHN,2.01061929829747
7277,38.100201,118.109286,1,,CHN,2.01061929829747
7278,38.079114,118.121149,1,,CHN,2.01061929829747
7279,38.115454,118.098384,1,,CHN,2.01061929829747
7280,38.066481,118.107857,1,,CHN,2.01061929829747
7281,38.083518,118.107891,1,,CHN,2.01061929829747
7282,38.091166,118.107917,1,,CHN,2.01061929829747
7283,38.109549,118.127022,1,,CHN,2.01061929829747
7284,38.122365,118.108159,1,,CHN,2.01061929829747
7285,38.091577,118.117938,1,,CHN,2.01061929829747
7286,38.120175,118.256846,1,,CHN,2.01061929829747
7287,38.042233,118.643884,1,,CHN,2.01061929829747
7288,38.025795,118.273389,1,,CHN,2.01061929829747
7289,38.072057,118.225218,1,,CHN,2.01061929829747
7290,38.079745,118.131246,1,,CHN,2.01061929829747
7291,38.082817,118.148532,1,,CHN,2.01061929829747
7292,38.089452,118.258117,1,,CHN,2.01061929829747
7293,38.102718,118.127155,1,,CHN,2.01061929829747
7294,38.112427,118.321289,1,,CHN,2.01061929829747
7326,36.14063,118.736982,1,,CHN,2.01061929829747
7327,37.257235,118.966845,1,,CHN,2.01061929829747
7328,37.33042,118.843765,1,,CHN,2.01061929829747
7329,37.983498,118.920907,1,,CHN,2.01061929829747
7330,37.986812,118.912538,1,,CHN,2.01061929829747
7331,37.235496,118.937489,1,,CHN,2.01061929829747
7359,38.016013,118.912239,1,,CHN,2.01061929829747
7412,34.979093,118.7315,1,,CHN,2.01061929829747
7413,36.101405,118.800448,1,,CHN,2.01061929829747
7416,36.01581,119.945244,1,,CHN,2.01061929829747
7485,37.011613,119.539361,1,,CHN,2.01061929829747
7489,35.032474,117.805583,1,,CHN,2.01061929829747
7509,37.891967,117.493587,1,,CHN,2.01061929829747
7551,36.261798,116.503703,1,,CHN,2.01061929829747
7552,36.217727,116.458924,1,,CHN,2.01061929829747
7556,35.01591,117.507878,1,,CHN,2.01061929829747
7557,35.032462,117.538364,1,,CHN,2.01061929829747
7558,35.049408,117.530555,1,,CHN,2.01061929829747
7559,35.051426,117.551365,1,,CHN,2.01061929829747
7560,35.013911,117.579566,1,,CHN,2.01061929829747
7561,35.02235,117.574334,1,,CHN,2.01061929829747
7603,35.921053,119.755032,1,,CHN,2.01061929829747
7647,34.487297,117.343889,1,,CHN,2.01061929829747
7648,34.516745,117.34868,1,,CHN,2.01061929829747
7649,34.434599,117.241605,1,,CHN,2.01061929829747
7665,37.143731,119.118944,1,,CHN,2.01061929829747
7666,37.250269,118.983553,1,,CHN,2.01061929829747
7667,37.256742,118.98366,1,,CHN,2.01061929829747
7668,37.327658,118.917705,1,,CHN,2.01061929829747
7669,37.327931,118.899101,1,,CHN,2.01061929829747
7689,36.441352,118.804039,1,,CHN,2.01061929829747
7690,36.125697,119.290515,1,,CHN,2.01061929829747
7691,36.100814,119.258551,1,,CHN,2.01061929829747
7692,35.917402,119.041068,1,,CHN,2.01061929829747
7693,35.953913,119.034111,1,,CHN,2.01061929829747
7694,35.942548,119.01857,1,,CHN,2.01061929829747
7711,38.373357,117.204981,1,,CHN,2.01061929829747
7712,38.365761,117.201451,1,,CHN,2.01061929829747
7714,38.234944,117.511976,1,,CHN,2.01061929829747
7715,38.24423,117.501976,1,,CHN,2.01061929829747
7716,38.229315,117.51792,1,,CHN,2.01061929829747
7717,38.21362,117.504122,1,,CHN,2.01061929829747
7718,38.223465,117.544495,1,,CHN,2.01061929829747
7719,38.212356,117.539163,1,,CHN,2.01061929829747
7720,38.230815,117.58564,1,,CHN,2.01061929829747
7722,38.185771,117.064369,1,,CHN,2.01061929829747
7723,35.053705,117.445727,1,,CHN,2.01061929829747
7724,35.071342,117.515962,1,,CHN,2.01061929829747
7725,38.081465,117.414569,1,,CHN,2.01061929829747
7726,38.081051,117.432175,1,,CHN,2.01061929829747
7727,38.063838,117.440157,1,,CHN,2.01061929829747
7729,37.195672,118.910765,1,,CHN,2.01061929829747
7732,36.551908,118.045258,1,,CHN,2.01061929829747
7733,36.552851,118.002633,1,,CHN,2.01061929829747
7742,36.203963,116.440307,1,,CHN,2.01061929829747
7743,36.221988,116.453347,1,,CHN,2.01061929829747
7744,36.135243,116.356187,1,,CHN,2.01061929829747
7764,34.30591,117.275963,1,,CHN,2.01061929829747
7795,37.570019,117.342721,1,,CHN,2.01061929829747
7796,37.571591,117.449808,1,,CHN,2.01061929829747
7797,37.89444,117.468734,1,,CHN,2.01061929829747
7798,37.825001,117.483202,1,,CHN,2.01061929829747
7799,37.818696,117.50054,1,,CHN,2.01061929829747
7800,37.822645,117.519422,1,,CHN,2.01061929829747
7801,37.866345,117.488094,1,,CHN,2.01061929829747
7802,37.863189,117.522144,1,,CHN,2.01061929829747
7803,37.796299,117.503061,1,,CHN,2.01061929829747
7804,37.786312,117.497718,1,,CHN,2.01061929829747
7950,36.165692,116.384469,1,,CHN,2.01061929829747
7951,37.036867,115.853803,1,,CHN,2.01061929829747
7952,37.01105,115.892298,1,,CHN,2.01061929829747
7953,37.039624,115.886011,1,,CHN,2.01061929829747
7954,37.044934,115.902233,1,,CHN,2.01061929829747
7955,35.165656,117.503946,1,,CHN,2.01061929829747
7957,36.196895,116.380443,1,,CHN,2.01061929829747
7958,36.190487,116.380422,1,,CHN,2.01061929829747
7959,36.199478,116.358655,1,,CHN,2.01061929829747
7965,37.05107,115.997669,1,,CHN,2.01061929829747
7966,37.043346,116.002518,1,,CHN,2.01061929829747
7967,37.037129,115.957886,1,,CHN,2.01061929829747
7968,37.029181,115.949754,1,,CHN,2.01061929829747
7969,37.06792,115.996424,1,,CHN,2.01061929829747
7970,37.074237,115.979473,1,,CHN,2.01061929829747
7971,37.084269,115.967435,1,,CHN,2.01061929829747
7972,37.093101,115.962242,1,,CHN,2.01061929829747
7973,37.098075,115.985407,1,,CHN,2.01061929829747
7974,37.102679,115.980042,1,,CHN,2.01061929829747
8083,37.896053,120.757572,1,,CHN,2.01061929829747
8097,37.384312,120.265062,1,,CHN,2.01061929829747
8098,37.378071,120.268409,1,,CHN,2.01061929829747
8099,37.064217,120.229292,1,,CHN,2.01061929829747
8100,37.066511,120.239527,1,,CHN,2.01061929829747
8101,37.058738,120.23457,1,,CHN,2.01061929829747
8102,37.242288,122.314264,1,,CHN,2.01061929829747
8103,37.236958,122.317654,1,,CHN,2.01061929829747
8112,36.983505,122.09518,1,,CHN,2.01061929829747
8113,37.271359,122.346152,1,,CHN,2.01061929829747
8114,37.356425,122.520929,1,,CHN,2.01061929829747
8115,37.364266,122.514107,1,,CHN,2.01061929829747
8232,37.11983,122.024755,1,,CHN,2.01061929829747
8233,37.300759,122.013335,1,,CHN,2.01061929829747
8234,37.265172,122.009204,1,,CHN,2.01061929829747
8235,37.287301,121.968756,1,,CHN,2.01061929829747
8313,36.997034,122.331513,1,,CHN,2.01061929829747
8314,36.985514,122.347423,1,,CHN,2.01061929829747
8333,36.958492,121.181311,1,,CHN,2.01061929829747
25454,37.476072,118.924377,9,16.1704227137489,CHN,6.92675025306547
25488,38.496004,117.631703,2,,NA,2.79304886922169
25603,38.057248,118.100347,14,27.3504291505538,CHN,12.4841448118663
25604,38.125621,118.120895,37,74.0324369112894,CHN,59.7728579754744
25605,38.130547,118.120884,4,,CHN,5.80267235417223
25606,38.114917,118.116558,5,5.5173565159494,CHN,6.17362607415295
25607,38.038364,118.583082,163,192.543028956617,CHN,198.356638310707
25608,38.078763,118.268992,89,140.517907541122,CHN,87.4449689024069
25609,38.121722,118.240715,7,10.2430553627248,CHN,7.6824474898119
25610,38.060023,118.336442,12,19.7436485108293,CHN,17.5219742826372
25611,38.096657,118.33915,2,,CHN,3.13195090353394
25612,38.13128,118.181139,4,,CHN,3.55335060749388
25613,37.24296,118.97695,15,29.1855675406493,CHN,15.9146570139251
25614,37.258031,119.004567,35,71.2133854982157,CHN,48.1897945241299
25615,37.212529,119.096334,41,81.5652542633853,CHN,62.7906361507511
25616,37.999042,118.960127,9,15.9969251342633,CHN,7.52879399737859
25621,34.439741,119.91014,86,,CHN,75.9164098036947
25627,35.997457,119.940144,2,,CHN,3.00658262198257
25628,37.868908,118.129441,5,6.05836824983904,CHN,5.64274400509834
25629,37.919179,118.105757,18,36.2561395101421,CHN,19.1122050400085
25630,37.964467,118.103382,2,,CHN,2.82845173082113
25631,37.984741,118.081868,10,16.8309248795919,CHN,11.3641049312668
25632,38.021967,118.041616,16,30.3617115524235,CHN,20.8737738001709
25633,38.018143,118.261986,3,,CHN,4.50931668946075
25634,38.033624,118.296185,3,,CHN,3.6034912437253
25635,38.122516,118.281494,4,,CHN,5.40509937051302
25636,37.091402,119.480147,6,8.64459964066775,CHN,6.07802937889671
25637,37.102871,119.528448,58,102.997883334302,CHN,43.2526471608572
25649,37.976526,118.955659,4,,CHN,5.21902822372627
25650,38.2188,117.773223,33,63.7428370281277,CHN,21.651274370964
25677,34.513484,119.681708,48,,CHN,39.7737296751919
25806,36.187153,118.789734,5,8.05727222066302,CHN,3.91684057296443
25807,36.201477,118.779181,69,91.7966786502986,CHN,25.6465722527726
25808,36.184617,118.828062,4,,CHN,2.7516716890375
25809,36.188234,118.744491,3,,CHN,2.85862560361814
25810,36.137586,118.682625,9,15.9423251256052,CHN,7.668870880512
25811,36.106215,118.782397,11,18.3989734808895,CHN,5.52613919745779
25812,36.117478,118.772225,13,24.5997772366249,CHN,8.61044616974354
25813,36.087474,118.530896,20,39.921143553122,CHN,14.10809600914
25814,36.108517,118.512221,7,12.1217191758763,CHN,4.90577565761139
25815,36.131224,118.737835,2,,CHN,2.52216591769254
25816,36.145735,118.727243,4,,CHN,3.26904875893056
25817,36.078657,118.541191,3,,CHN,2.89478209729052
25818,36.068554,118.539582,2,,CHN,2.62947975275183
25819,35.58237,119.128713,7,11.9307247601683,CHN,5.41609483927154
25820,35.587726,119.107724,5,6.47072146781894,CHN,5.26933878497028
25821,37.072303,119.509125,5,6.50470791615783,CHN,5.2394889750638
25822,37.107893,119.610821,4,,CHN,3.15988570926762
25823,37.125215,119.611598,5,6.45092171511633,NA,5.28678609027433
25824,37.261664,118.93648,2,,CHN,3.15952963471222
25825,37.31335,118.945969,7,11.2809471775242,CHN,6.40006207719517
25826,37.336516,118.91243,39,77.6564840490941,CHN,34.2432217693977
25827,37.324977,118.850659,3,,CHN,3.81953467346478
25828,37.509154,118.90455,24,49.0977681791855,CHN,19.1798675866477
25829,37.978613,118.934468,2,,CHN,2.85213261568737
25830,37.991404,118.908435,2,,CHN,2.96775986639261
25831,38.000892,118.900383,3,,CHN,3.93685736452198
25832,38.003215,118.925939,5,5.39855969997648,CHN,6.29809688202
25833,37.24647,118.925233,3,,CHN,4.17689365862274
25834,37.274113,118.866628,8,11.9474787484428,CHN,9.46411154318583
25835,37.29385,118.88434,16,31.8637352997505,CHN,15.4615468750162
26027,36.383562,117.825837,33,60.7667382666852,CHN,18.6238881767566
26078,35.998072,118.925103,5,5.68635240102895,CHN,6.0018433434062
26079,35.935491,118.901143,3,,CHN,3.82261311781597
26080,35.954014,118.899839,5,6.78163908561255,CHN,5.0003850624609
26081,35.99739,118.880696,10,18.2874532066328,CHN,8.17981606252098
26082,35.974325,118.894009,2,,CHN,2.41714110878709
26083,35.98772,118.902098,2,,CHN,2.95390880167007
26084,35.604113,119.077756,7,11.7632179454329,CHN,5.71284473012114
26085,35.680533,119.122572,18,36.3853886313812,CHN,14.6197153962727
26086,35.989268,119.94806,3,,CHN,4.04555727046108
26087,36.265274,116.538433,11,20.5430800602804,CHN,9.03928162350345
26088,36.312198,116.587978,27,55.4015361501286,CHN,22.5073691612535
26089,36.278293,116.537498,3,,CHN,3.26105356110764
26090,36.295949,116.619051,3,,CHN,3.48588950282228
26091,36.345602,116.593857,14,27.1558272974916,CHN,10.1307130731845
26092,36.297292,116.541146,3,,CHN,3.22575508646949
26272,34.966447,118.730243,7,10.2609293387386,CHN,7.66067706452227
26273,36.084452,118.801336,4,,CHN,3.64479960565925
26274,35.573248,117.245651,10,17.9414722281571,CHN,9.21388359315395
26275,35.561145,117.270822,3,,CHN,3.6018522756319
26276,35.563359,117.293925,2,,CHN,2.47446243985248
26277,35.5542,117.303716,8,13.9750513148755,CHN,6.29473720215464
26278,35.547813,117.326805,2,,CHN,2.54537825251746
26282,37.044049,119.577572,7,10.7823091476595,CHN,7.02632258195162
26308,35.930249,119.74712,2,,CHN,3.16316872353744
26309,35.944367,119.735942,3,,CHN,3.94124555736613
26483,36.998041,119.582633,5,6.62934147869532,CHN,5.13102732061537
26484,36.990338,119.57165,4,,CHN,4.57885419379979
26485,36.974804,119.570109,15,29.6771327507218,CHN,13.2870987580881
26619,37.150475,118.933025,13,,CHN,10.9503046830066
26628,35.968082,119.807939,8,13.3229774158358,CHN,7.50939808197689
26656,36.294439,116.516415,5,6.5153088624032,CHN,5.23020326733923
26663,35.044001,117.805291,5,6.85783273958325,CHN,4.9356893583374
26664,35.059985,117.796192,3,,CHN,3.49333727696657
26821,37.892059,117.483095,3,,CHN,4.12539431376934
26840,35.035841,117.76453,8,13.4578256360286,CHN,7.29701856287062
26841,35.049542,117.761808,2,,CHN,2.90632161952019
26928,36.20758,116.458412,2,,CHN,3.21630782455945
26929,36.219715,116.472391,2,,CHN,2.5366766878069
26946,35.023274,117.524017,6,9.2905945497634,CHN,5.4070724656229
26947,35.04269,117.567102,4,,CHN,4.71457173318481
26948,35.022969,117.596488,5,5.9785694254299,CHN,5.71778069941521
26949,34.991962,117.564785,2,,CHN,3.03213586005831
26950,35.019692,117.557564,4,,CHN,4.51440646170473
26951,35.008965,117.537526,3,,CHN,4.11553714557743
26952,34.996222,117.511022,6,9.30159166148044,CHN,5.39538193786502
26953,35.029477,117.490335,5,7.10445391658645,CHN,4.72854399826038
26954,35.021281,117.461169,8,13.9287436554361,CHN,6.41150244860601
26955,35.009372,117.454718,2,,CHN,2.81987279176712
26956,35.002192,117.457732,2,,CHN,2.48493431310833
26957,34.999897,117.430836,7,10.7845525435452,CHN,7.02357554458761
26958,35.009398,117.420117,2,,CHN,3.23502138621044
26959,34.976266,117.443733,5,6.458403899047,CHN,5.2801878283934
26961,36.104983,118.031301,4,,CHN,4.58049789787483
26962,36.144125,117.992715,2,,CHN,2.56027488679028
27145,35.898948,119.790088,5,7.75166353893562,CHN,4.18662341547668
27146,35.911132,119.803822,5,7.4802524524779,CHN,4.41560465011024
27147,35.903307,119.761394,5,7.29589546717412,CHN,4.56913543118
27187,34.499261,119.621786,2,,CHN,3.09384635196781
27254,34.465308,117.423233,9,15.9979259284565,CHN,7.52610988662719
27258,34.459891,117.393846,5,6.85987334428734,CHN,4.93396204731798
27259,34.45532,117.37105,2,,CHN,2.71118003768086
27260,34.446764,117.356188,3,,CHN,3.63339116804767
27261,34.436701,117.368041,5,,CHN,4.94460638176203
27262,34.427686,117.348813,2,,CHN,2.7451034031074
27263,34.412623,117.327921,3,,CHN,3.34685146738076
27264,34.461038,117.345047,2,,CHN,2.57853955378294
27265,34.465761,117.336368,2,,CHN,2.6150941383214
27266,34.477905,117.332795,2,,CHN,2.53359988770294
27267,34.497828,117.334783,6,8.94257507752501,CHN,5.7706644693346
27268,34.486801,117.299277,3,,CHN,3.6218043418622
27269,34.474372,117.296881,2,,CHN,2.923196124681
27270,34.459879,117.28918,8,14.0264040640134,CHN,6.14720744559288
27271,34.461694,117.31302,6,9.8190768119755,CHN,4.80996688590145
27272,34.502701,117.286792,7,11.4714462012738,CHN,6.14485144510364
27273,34.513657,117.284592,3,,CHN,2.99616486285162
27274,34.474582,117.507809,2,,CHN,2.56647148970772
27275,34.47126,117.521325,3,,CHN,3.14001060073829
27276,34.452211,117.226452,2,,CHN,2.75012710574564
27316,37.17066,119.105383,4,,CHN,5.05048431757736
27317,37.155832,119.122565,6,8.60521587533382,CHN,6.11870563767928
27426,36.446415,118.793907,3,,CHN,3.28662958970025
27427,35.931832,119.043122,6,8.42181981978217,CHN,6.30885429849815
27428,35.943573,119.032289,2,,CHN,2.95452538315272
27429,35.927092,119.011604,3,,CHN,4.01490721130466
27430,35.914904,119.012995,3,,CHN,3.71903923794866
27433,37.574863,117.323197,4,,CHN,4.64230761923814
27459,38.382915,117.215018,2,,CHN,2.6559594934814
27460,38.308921,117.179483,25,51.3608626247103,CHN,31.3471715828066
27461,38.497101,117.16907,17,34.1181829955046,CHN,16.9546835376227
27470,38.25161,117.538049,8,12.3679266657762,CHN,8.87931308259547
27471,38.243958,117.576966,4,,CHN,5.06561125276518
27472,38.222329,117.525361,5,6.1470691863519,CHN,5.56048137924266
27473,38.227654,117.574021,2,,CHN,3.15618189891815
27474,38.312535,117.278024,7,10.5825623323261,CHN,7.26985094185472
27477,38.29118,117.373731,3,,CHN,3.85836715448713
27478,38.284308,117.349437,3,,CHN,3.57740662716183
27479,38.291611,117.286414,16,31.2824384833376,CHN,18.0256967125702
27480,38.261298,117.213765,14,25.3306248937994,CHN,18.6943747744634
27481,38.233169,117.228334,3,,CHN,4.13217386359405
27482,38.174264,117.090993,5,6.69588033785259,CHN,5.07371407115745
27483,38.199026,117.101556,7,11.3373200073393,CHN,6.32594750268459
27484,38.191978,117.078804,2,,CHN,2.93448409050965
27485,38.176929,117.043394,2,,CHN,2.62629113345075
27486,34.962302,117.567229,4,,CHN,5.13467803313541
27487,34.97521,117.526227,16,31.9665887950382,CHN,14.5003529769144
27488,35.04804,117.456094,2,,CHN,2.7416850200808
27489,34.970999,117.492028,3,,CHN,3.29451247737932
27490,35.033867,117.428646,3,,CHN,3.8601427427578
27491,35.054324,117.415642,2,,CHN,3.18908338539696
27492,35.065395,117.432892,4,,CHN,4.33613064559102
27493,35.078542,117.506579,2,,CHN,3.24320714355254
27494,35.099566,117.501212,2,,CHN,2.91446088129997
27495,38.073343,117.463108,8,13.2146265587373,CHN,7.67414045592546
27496,38.006373,117.295436,3,,CHN,3.62798766314745
27509,36.353311,117.830146,10,17.8525794418667,CHN,9.41787629643345
27510,36.340375,117.838622,3,,CHN,2.95493315286595
27511,36.470914,117.95825,15,29.4947772592929,CHN,11.273952768703
27512,36.470466,117.994459,2,,CHN,2.62275789108181
27513,36.479736,118.00432,2,,CHN,2.41539215750742
27514,36.488023,117.989816,4,,CHN,4.4242748837328
27515,36.487447,117.969429,3,,CHN,3.11277524588589
27516,36.508748,118.040844,7,11.9864800008665,CHN,5.29994804453611
27517,36.511695,118.022894,4,,CHN,4.45190755713057
27518,36.563741,118.047739,7,9.78566738452547,CHN,8.24548598752212
27519,36.548654,118.024974,9,14.6302548849916,CHN,10.0138280697229
27520,36.542581,118.007114,3,,CHN,3.82019848624659
27521,36.449078,117.990691,5,8.10939624293555,CHN,3.8684546436187
27542,36.190098,116.440608,3,,CHN,3.70860929999447
27543,36.238084,116.484633,4,,CHN,4.23060563701642
27544,36.249938,116.505626,4,,CHN,4.69568170650387
27545,36.370901,116.631062,6,9.02222010751065,CHN,5.68822470941687
27546,36.374023,116.657905,14,26.5865644800929,CHN,9.04679851747703
27547,36.366114,116.675002,5,7.29119533302246,CHN,4.57304433037519
27548,36.149581,116.372294,7,10.263748814697,CHN,7.65724393254568
27549,36.154213,116.390046,2,,CHN,3.10437489893556
27550,36.148139,116.34186,8,12.4993584129725,CHN,8.69663732954979
27551,36.126209,116.336877,7,10.65470170391,CHN,7.18209399775207
27552,36.142082,116.300567,6,9.10332388613408,CHN,5.60392519021416
27707,37.57059,117.366403,3,,CHN,3.72921066396493
27708,37.573214,117.39437,5,6.63181213454038,CHN,5.12889223267922
27709,37.574222,117.427818,4,,CHN,4.70718995447588
27710,37.574019,117.488809,2,,CHN,2.73824935507753
27711,37.570623,117.515543,2,,CHN,2.62777206760895
27712,37.570067,117.531926,2,,CHN,2.78911113724506
27713,37.877436,117.488602,6,8.37144451146704,CHN,6.3613720281024
27714,37.874354,117.458985,2,,CHN,3.17965529261303
27715,37.859195,117.454611,6,8.15060813440497,CHN,6.59365282789898
27716,37.840697,117.461476,4,,CHN,4.40142413116622
27717,37.845068,117.504212,6,8.61609920943529,CHN,6.10746106227028
27718,37.854039,117.486159,5,5.4176922076386,CHN,6.27783172568989
27719,37.830535,117.495797,2,,CHN,3.15699012291098
27720,37.804761,117.519572,2,,CHN,3.1481907672646
27721,37.784164,117.529504,3,,CHN,3.87838001550078
27879,36.07257,116.247473,11,20.4102013973601,CHN,9.65758141527164
27880,36.041839,116.267607,10,18.2903206651121,CHN,8.1670627632074
28053,36.029525,116.227816,4,,CHN,3.71342237193739
28056,37.065738,115.866359,2,,CHN,2.7694429265539
28057,37.05159,115.87577,11,20.0238936717545,CHN,10.763418039505
28058,37.051082,115.902839,4,,CHN,5.43438415636349
28059,37.04907,115.922242,2,,CHN,2.81064883587885
28060,37.033193,115.891837,4,,CHN,5.08928456233241
28061,37.019995,115.854919,11,18.3497629921159,CHN,14.1394456334963
28062,37.009173,115.846915,2,,CHN,2.96904308631255
28063,37.019171,115.889165,2,,CHN,3.15977814332819
28064,37.045352,115.940922,6,8.13735603338374,CHN,6.60771581442571
28071,35.287972,117.449866,5,7.13814908462585,CHN,4.70043559181786
28080,36.17605,116.359321,3,,CHN,3.40221221228123
28081,36.187361,116.354715,6,9.46659324023445,CHN,5.2174633041892
28082,36.19702,116.368534,2,,CHN,2.66586492734659
28107,37.056556,115.98385,3,,CHN,3.736733058429
28108,37.03983,115.981668,3,,CHN,4.03867307579946
28109,37.027614,115.987251,2,,CHN,3.1498936292519
28110,37.071661,116.010779,2,,CHN,2.84984812174898
28111,37.085947,115.9547,2,,CHN,2.74886619630212
28112,37.087044,115.996232,2,,CHN,2.83512875772536
28113,37.110572,115.966288,4,,CHN,5.17753090883303
28138,37.408284,122.398956,17,34.2349109748427,CHN,15.9463831248159
28172,37.691809,121.109774,17,31.3082814726411,CHN,9.50099823454189
28231,34.380874,120.053074,67,,CHN,67.0476984480514
28315,37.085376,122.02444,2,,CHN,2.4952796512444
28316,37.108586,122.031408,15,29.057431241037,CHN,10.2276319115171
28317,37.103653,122.053096,3,,CHN,3.2523519136672
28318,37.125991,122.12053,18,32.0311925770073,CHN,9.26963351488233
28319,37.118698,122.086377,5,7.04285281261527,CHN,4.780026281744
28320,37.127347,122.100251,4,,CHN,2.89637909384304
28321,37.142366,122.036113,14,26.5516873707437,CHN,8.99946948108578
28322,37.160197,122.131124,9,16.1910067325685,CHN,6.17614596696505
28323,37.176783,122.140735,6,10.3149150104512,CHN,3.88246919913626
28324,36.951852,122.100502,11,,CHN,7.92105447126961
28325,36.984025,122.130612,43,82.8519146776119,CHN,33.7228627065907
28326,37.399226,122.533378,34,52.6244710295317,CHN,13.7123178840849
28327,37.03018,122.528679,33,,CHN,20.7506920277915
28396,37.945346,120.736706,11,,CHN,5.13793363118076
28397,37.915761,120.748831,20,,CHN,10.1131835894811
28398,37.976508,120.720673,10,17.9734065290574,CHN,6.17204181601274
28399,37.975262,120.705012,10,17.9993359973115,CHN,6.20962021053314
28400,37.971778,120.647767,12,18.2518144532445,CHN,5.18411038461065
28401,38.176358,120.741418,16,,CHN,5.65208623544872
28402,36.881542,121.165112,55,97.0666172409225,CHN,36.9906634927917
28404,37.148427,122.073606,8,14.0357282091815,CHN,5.0309895937916
28414,37.408086,122.341463,6,9.57476577870025,CHN,5.0974468987627
28415,37.411234,122.307203,8,,CHN,7.27011204297602
28416,37.419419,122.471469,16,,CHN,12.3825788509712
28435,37.339244,122.028897,14,27.031540700589,CHN,9.81544328230095
28436,37.351021,122.001878,9,15.9643738241732,CHN,7.61370055538559
28437,37.367679,121.998131,7,12.1494166713755,CHN,4.71903038363028
28470,37.365306,122.296436,17,33.5783810184976,CHN,12.0143198077869
28471,37.353476,122.253855,2,,CHN,2.53284553073764
28472,37.384034,122.268362,11,20.5882659706378,CHN,8.46547937223053
28473,37.371519,122.254215,6,9.3123699215975,CHN,5.3839067165122
28474,37.350831,122.269745,2,,CHN,3.02114861919069
28475,37.358814,122.236496,4,,CHN,3.94628631951141
28476,37.253609,120.883422,54,74.4885424608489,CHN,19.607253077467
28477,37.328112,120.254938,45,79.6488677929657,CHN,25.8262315201857
28478,37.363299,120.253343,10,18.0719600829713,CHN,8.88656888059711
28479,37.39321,120.26461,2,,CHN,2.76915022729754
28481,37.595939,120.766132,18,36.4616274469758,CHN,15.0874142794199
28482,37.596284,120.747963,2,,CHN,3.1543361881814
28483,37.572115,120.755633,4,,CHN,3.79774355075336
28484,37.584162,120.740196,3,,CHN,3.29436347011733
28486,37.041962,120.234444,13,25.089961834168,CHN,10.118499455389
28487,37.038975,120.268468,3,,CHN,3.12834979273379
28489,37.318999,120.217682,2,,CHN,2.76108009766793
28490,37.302922,120.215506,5,5.65630334705303,CHN,6.03195803299713
28491,37.337355,120.209553,6,9.46026594654184,CHN,5.22438811492968
28492,37.325355,120.211395,2,,CHN,2.74518980426788
28493,37.301607,120.197829,5,6.95343844547883,CHN,4.85503043277502
28494,37.298834,120.226608,2,,CHN,3.28768783218908
28495,37.314877,120.19587,2,,CHN,2.39468737812078
28496,37.253237,122.315432,25,49.7251556325017,CHN,17.1510050002661
28497,37.262364,122.276493,5,6.80699924577328,CHN,4.97880721566582
28498,37.239567,122.34791,7,11.7870024680492,CHN,5.67389576125378
28503,37.215182,120.7322,4,,CHN,2.79559916499776
28533,37.724462,120.681678,7,11.1486025205357,CHN,6.57056160107803
28534,37.735465,120.699652,4,,CHN,4.1263509031744
28535,37.745097,120.688762,9,15.3451820209792,CHN,8.84992731431505
28536,37.741028,120.648542,5,7.9356000368287,CHN,4.02660316646814
28537,37.748228,120.666391,3,,CHN,2.77728192985737
28538,37.756553,120.654319,6,9.4065972675578,CHN,5.2827646058805
28539,37.767449,120.686062,15,29.1382932948012,CHN,10.3756104861746
28540,36.992954,122.081437,8,13.6029491987085,CHN,7.05551582476865
28541,37.033596,122.124282,10,18.2798085537884,CHN,8.2129619514823
28542,37.240191,122.372936,5,7.95632230875333,CHN,4.00817686036253
28543,37.278976,122.33213,8,13.5105692168662,CHN,7.21108405138826
28547,37.358751,122.486549,27,52.6279316207268,CHN,17.3168882161007
28548,37.327183,122.510718,31,62.3642365130043,CHN,23.8622074000798
28549,37.349902,122.527395,3,,CHN,3.02523617056441
28803,37.106803,122.121439,3,,CHN,2.69578822107065
28804,37.295556,122.026153,4,,CHN,4.63214126921701
28805,37.279643,122.024074,2,,CHN,2.48605621268296
28806,37.266952,121.992462,4,,CHN,4.2429199899109
28807,37.279425,121.972344,15,29.5009140200926,CHN,11.2959292276163
28808,37.297526,122.002992,2,,CHN,2.75648834969521
28809,34.266478,120.243979,8,14.1150936967615,CHN,5.7656618190878
28810,34.262733,120.173563,16,30.700112656381,CHN,10.200482231341
28880,37.388881,122.568575,6,10.2689185936964,CHN,3.50474841383517
28975,37.005973,122.530337,2,,CHN,2.79354673154163
28976,36.965615,122.35687,2,,CHN,2.62324270122248
28977,36.9741,122.341671,2,,CHN,3.21687701710021
28978,36.986369,122.336016,8,13.6116564313294,CHN,7.04046503824663
28979,36.985671,122.319043,2,,CHN,2.7967521058383
28980,36.992656,122.310183,2,,CHN,2.76889831101656
29040,37.412377,121.865982,21,38.9218405020926,CHN,11.6085670932026
29041,37.397205,121.878776,5,7.68577442896042,CHN,4.24277799594796
29042,37.38123,121.877029,6,8.93412452942978,CHN,5.77939683733559
29043,37.375794,121.847192,23,47.379253108383,CHN,19.7526208249123
29044,37.324413,121.846853,8,13.8432475477218,CHN,4.69450221726084
29045,37.201805,121.531237,16,31.1893552715441,CHN,10.8837195426092
29046,36.970714,121.210402,18,36.1338076240784,CHN,13.6746803668041
29047,37.267694,121.433803,10,18.3252516294169,CHN,7.99255427284187
29048,37.247224,121.423036,4,,CHN,4.68747530638433
29049,37.234795,121.424692,2,,CHN,2.61565738164476
29050,36.932436,121.228441,6,9.80762697705998,CHN,4.8241538414278
