trade_date,listed_vwap,block_vwap,block_discount_pct,block_vol_t
2021-07-21,54.4003,52.92,-2.721,100000.0
2021-07-28,52.4979,40.98,-21.94,800000.0
2021-08-09,53.3165,50.3855,-5.497,279856.0
2021-08-16,51.0,51.5,0.98,500000.0
2021-08-20,49.0,41.5,-15.306,900000.0
2021-08-25,47.6365,45.972,-3.494,250000.0
2021-08-27,45.0891,44.0,-2.415,205000.0
2021-09-29,41.843,41.0862,-1.809,580000.0
2021-09-30,42.2062,41.788,-0.991,8403359.0
2021-10-12,44.6679,43.89,-1.742,385539.0
2021-10-18,43.4364,41.5,-4.458,520000.0
2021-10-19,43.4301,40.0,-7.898,100000.0
2021-10-20,43.2385,41.5,-4.021,100000.0
2021-10-21,43.0315,41.5,-3.559,120000.0
2021-10-27,42.6113,41.8333,-1.826,300000.0
2021-10-29,42.4142,41.2823,-2.669,620000.0
2021-11-01,42.4537,41.6192,-1.966,1437744.0
2021-11-02,42.4328,41.0,-3.377,320000.0
2021-11-10,42.7364,42.5917,-0.339,1178517.0
2021-11-12,42.6638,41.8357,-1.941,1430000.0
2021-11-15,42.9256,41.0,-4.486,300000.0
2021-11-16,43.1577,41.2697,-4.375,1650000.0
2021-11-17,43.1239,41.7,-3.302,300000.0
2021-11-18,43.1649,32.4556,-24.81,1311838.0
2021-11-19,43.0451,30.21,-29.818,1246829.0
2021-11-24,42.9636,41.6893,-2.966,1593635.0
2021-11-25,42.9623,41.825,-2.647,480000.0
2021-11-26,42.8479,42.2929,-1.295,3556213.0
2021-11-29,42.925,41.3234,-3.731,2578421.0
2021-11-30,42.9543,41.8184,-2.644,2686319.0
2021-12-01,42.9688,41.9519,-2.367,1866095.0
2021-12-02,42.8768,39.9106,-6.918,1921051.0
2021-12-03,42.9367,40.1499,-6.49,2144185.0
2021-12-06,42.7896,41.6104,-2.756,2862848.0
2021-12-07,42.1253,38.525,-8.547,4041746.0
2021-12-08,41.4589,38.4023,-7.373,3888367.0
2021-12-09,41.5622,38.6696,-6.96,5019815.0
2021-12-10,42.6904,40.5786,-4.947,5915915.0
2021-12-13,42.9469,37.7992,-11.986,6436821.0
2021-12-14,42.9344,41.952,-2.288,12419569.0
2021-12-15,43.0603,36.4505,-15.35,6573605.0
2021-12-16,44.2202,39.7025,-10.216,19579226.0
2021-12-17,46.664,41.4578,-11.157,2014648.0
2021-12-20,49.1812,42.912,-12.747,2184333.0
2021-12-21,49.4895,46.3056,-6.433,2312844.0
2021-12-22,49.3918,43.4308,-12.069,2534540.0
2021-12-23,49.5671,45.3639,-8.48,5294432.0
2021-12-24,49.5153,45.8718,-7.358,3207247.0
2021-12-27,48.1298,44.0954,-8.382,3024070.0
2021-12-28,51.6928,41.1686,-20.359,3808055.0
2021-12-29,56.639,44.8052,-20.893,4835467.0
2021-12-30,57.0585,52.9062,-7.277,9360636.0
2021-12-31,54.2185,52.3952,-3.363,2535969.0
2022-05-26,59.0,59.0,0.0,130000.0
2022-05-27,59.0,54.5,-7.627,400000.0
2022-05-31,59.0,54.5,-7.627,600000.0
2022-06-01,59.0,55.0,-6.78,100000.0
2022-06-09,59.0,59.7,1.186,150000.0
2022-06-22,60.0,60.0,0.0,150000.0
2022-06-23,60.0,55.0,-8.333,250000.0
2022-06-24,60.0,61.2,2.0,120000.0
2022-07-01,58.0,57.5,-0.862,200000.0
2022-07-21,58.22,59.5,2.199,150000.0
2022-07-28,58.9646,59.3,0.569,150000.0
2022-07-29,58.0,62.54,7.828,150000.0
2022-08-09,58.8824,45.82,-22.184,100000.0
2022-08-12,58.0,58.5,0.862,121335.0
2022-08-29,58.5,58.5,0.0,130000.0
2022-10-11,58.3427,58.0,-0.587,180000.0
2022-10-26,58.0,59.5,2.586,130000.0
2022-10-27,58.5,57.0,-2.564,108274.0
2022-10-31,58.0,43.0,-25.862,241412.0
2022-11-02,58.0,42.54,-26.655,559797.0
2022-11-04,58.0,58.5,0.862,480000.0
2022-11-14,57.8658,59.2,2.306,250000.0
2022-11-17,57.8,57.0,-1.384,920757.0
2022-11-22,57.8012,58.3,0.863,100000.0
2022-11-24,58.0,48.5,-16.379,205000.0
2022-11-25,57.8022,54.2091,-6.216,1585000.0
2022-11-28,57.8,52.0541,-9.941,363576.0
2022-11-29,57.8004,59.0,2.075,200000.0
2022-12-01,57.6998,58.46,1.318,199990.0
2022-12-09,57.0269,58.5,2.583,200000.0
2022-12-14,55.3018,57.6952,4.328,691952.0
2022-12-15,57.0,57.55,0.965,302129.0
2022-12-16,57.0,55.968,-1.811,1264400.0
2022-12-19,55.0,54.5279,-0.858,2157085.0
2022-12-20,56.0,56.3754,0.67,2507877.0
2022-12-21,56.0001,55.3024,-1.246,9125285.0
2022-12-22,56.4959,56.6317,0.24,2617774.0
2022-12-23,56.5,54.9581,-2.729,1610000.0
2022-12-26,56.2612,55.2795,-1.745,1803296.0
2022-12-27,56.2998,57.6603,2.417,986725.0
2022-12-28,55.9019,54.2701,-2.919,1260200.0
2022-12-29,55.0,48.0217,-12.688,424076.0
2023-02-09,56.0,55.5,-0.893,100000.0
2023-02-14,56.0,57.5,2.679,200000.0
2023-02-15,56.0366,57.5,2.612,300000.0
2023-02-24,56.5,55.0,-2.655,1000000.0
2023-03-03,56.0,56.7,1.25,300000.0
2023-03-07,56.0,56.7,1.25,200000.0
2023-03-28,56.0,51.5929,-7.87,476000.0
2023-03-30,56.6992,47.5733,-16.095,300000.0
2023-04-03,56.0,56.1,0.179,400000.0
2023-04-20,53.4,42.96,-19.551,300000.0
2023-04-21,53.4,57.5,7.678,300000.0
2023-05-08,56.0,57.5,2.679,100000.0
2023-05-09,56.0,54.8,-2.143,100000.0
2023-05-15,56.0,57.1,1.964,100000.0
2023-05-17,56.25,56.3241,0.132,362500.0
2023-05-18,57.9286,56.3241,-2.77,362500.0
2023-06-02,58.5,42.96,-26.564,100000.0
2023-06-09,58.5,42.96,-26.564,100000.0
2023-06-21,57.002,42.96,-24.634,400000.0
2023-06-29,57.9752,58.15,0.302,200000.0
2023-06-30,60.0,60.0,0.0,275748.0
2023-07-04,60.0,54.66,-8.9,200000.0
2023-07-05,60.0,42.96,-28.4,650000.0
2023-07-07,58.1707,54.66,-6.035,193201.0
2023-07-10,59.0,59.5,0.847,150000.0
2023-07-12,59.7484,50.0,-16.316,100000.0
2023-07-14,60.0,60.0,0.0,250000.0
2023-07-21,63.4259,57.921,-8.679,318516.0
2023-07-24,64.0,56.0,-12.5,100000.0
2023-07-26,61.115,63.5,3.902,200000.0
2023-08-01,64.9876,62.0,-4.597,105713.0
2023-08-03,64.2659,63.5,-1.192,219800.0
2023-08-07,66.0,62.0,-6.061,112000.0
2023-08-09,67.929,67.0,-1.368,240000.0
2023-08-10,69.5171,67.0,-3.621,150000.0
2023-08-11,69.8951,67.0,-4.142,110000.0
2023-08-14,68.3302,52.0,-23.899,400000.0
2023-08-17,70.1001,55.422,-20.939,1033900.0
2023-08-18,72.8459,58.7685,-19.325,1483500.0
2023-08-22,72.7308,50.0,-31.253,370000.0
2023-08-23,74.7626,62.5026,-16.399,784816.0
2023-08-24,72.2978,67.4471,-6.709,371400.0
2023-08-25,73.0585,61.6269,-15.647,1199703.0
2023-08-28,74.462,54.0,-27.48,508112.0
2023-08-29,68.4688,58.8808,-14.003,1098672.0
2023-08-30,69.2668,63.876,-7.783,3242145.0
2023-08-31,70.0503,64.8873,-7.37,508782.0
2023-09-01,67.6712,55.6,-17.838,120000.0
2023-09-04,69.1952,54.1554,-21.735,6015323.0
2023-09-05,65.1333,69.5849,6.835,1204313.0
2023-09-06,69.93,56.1961,-19.639,1958622.0
2023-09-07,71.328,60.7544,-14.824,3067988.0
2023-09-08,71.9912,64.7447,-10.066,1264468.0
2023-09-11,72.1914,61.2381,-15.173,420000.0
2023-09-12,72.3333,67.3943,-6.828,1331470.0
2023-09-13,72.7612,66.9704,-7.959,659000.0
2023-09-14,73.7552,73.7223,-0.045,826679.0
2023-09-15,74.773,73.2502,-2.037,1215239.0
2023-09-18,74.9126,71.3194,-4.797,720000.0
2023-09-19,75.0952,73.125,-2.624,320000.0
2023-09-20,73.8287,68.7247,-6.913,1185034.0
2023-09-21,75.0766,71.415,-4.877,1879395.0
2023-09-22,75.2771,70.5145,-6.327,1239424.0
2023-09-25,75.5001,64.5245,-14.537,1229014.0
2023-09-26,75.9839,67.9457,-10.579,805587.0
2023-09-27,76.1701,65.9913,-13.363,1923402.0
2023-09-28,75.9095,68.3777,-9.922,1511782.0
2023-10-09,76.7846,70.1521,-8.638,2291814.0
2023-10-10,78.9945,67.665,-14.342,4530282.0
2023-10-11,79.1558,68.8715,-12.992,5197418.0
2023-10-12,80.6983,64.8999,-19.577,4830119.0
2023-10-13,80.1556,67.5165,-15.768,7000822.0
2023-10-16,81.1466,65.1899,-19.664,4712663.0
2023-10-17,80.9842,67.6701,-16.44,4023115.0
2023-10-18,81.1186,61.203,-24.551,14089638.0
2023-10-19,81.1021,66.4606,-18.053,5822792.0
2023-10-20,81.0794,66.7169,-17.714,5220905.0
2023-10-23,81.4211,80.5089,-1.12,4753955.0
2023-10-24,81.0767,77.8968,-3.922,4909579.0
2023-10-25,81.2692,74.6261,-8.174,2456363.0
2023-10-26,80.5466,73.8828,-8.273,3281344.0
2023-10-27,78.5033,67.4288,-14.107,6220527.0
2023-10-30,79.5255,69.1214,-13.083,3123300.0
2023-10-31,77.629,66.5932,-14.216,3059159.0
2023-11-01,76.8401,70.7966,-7.865,2125831.0
2023-11-02,75.8865,71.7768,-5.416,1915576.0
2023-11-03,74.7328,77.3205,3.463,2962553.0
2023-11-06,74.9939,76.4761,1.976,1421194.0
2023-11-07,74.173,73.4224,-1.012,1418681.0
2023-11-08,73.3796,72.846,-0.727,1970288.0
2023-11-09,72.8405,71.9901,-1.167,1958653.0
2023-11-10,71.4131,72.9228,2.114,4585758.0
2023-11-13,71.4007,70.5574,-1.181,2703001.0
2023-11-14,71.7107,66.3037,-7.54,2235246.0
2023-11-15,72.0985,56.8244,-21.185,870000.0
2023-11-16,71.4904,69.7468,-2.439,2063262.0
2023-11-17,71.7576,70.3822,-1.917,515400.0
2023-11-20,71.9453,66.9588,-6.931,395924.0
2023-11-21,71.5611,73.5,2.709,100000.0
2023-11-22,71.6101,72.2961,0.958,520981.0
2023-11-23,72.0748,71.0623,-1.405,321171.0
2023-11-24,71.3312,68.8974,-3.412,1298616.0
2023-11-28,71.3143,71.8408,0.738,260964.0
2023-11-29,71.0505,69.5,-2.182,100000.0
2023-11-30,70.9329,72.3956,2.062,895051.0
2023-12-01,69.1256,71.9,4.014,200000.0
2023-12-04,71.1055,70.0281,-1.515,626129.0
2023-12-05,71.0867,78.7727,10.812,340986.0
2023-12-06,71.566,71.2323,-0.466,232536.0
2023-12-07,67.9269,62.1049,-8.571,1024106.0
2023-12-11,70.8964,52.4002,-26.089,452794.0
2023-12-13,71.375,66.5088,-6.818,700574.0
2023-12-14,71.4005,58.1399,-18.572,571766.0
2023-12-15,71.3929,71.3599,-0.046,234102.0
2023-12-18,71.8036,72.4148,0.851,444758.0
2023-12-19,72.7017,69.0355,-5.043,284913.0
2023-12-20,73.2851,70.537,-3.75,326872.0
2023-12-21,77.7999,77.25,-0.707,200000.0
2023-12-22,80.9936,80.1603,-1.029,1213131.0
2023-12-25,80.7538,76.3652,-5.435,3075939.0
2023-12-26,79.5175,80.1183,0.756,1154586.0
2023-12-27,77.553,79.9286,3.063,350000.0
2023-12-28,78.0104,75.7904,-2.846,263338.0
2023-12-29,77.9719,76.0,-2.529,114948.0
2024-01-02,70.47,54.58,-22.549,100000.0
2024-01-03,82.0,67.2834,-17.947,607388.0
2024-01-04,76.5333,66.0397,-13.711,299159.0
2024-01-05,73.025,73.04,0.021,149159.0
2024-01-09,71.02,78.0,9.828,100000.0
2024-01-10,74.9952,78.0,4.007,100000.0
2024-01-25,71.0,62.0,-12.676,120000.0
2024-01-26,73.8652,62.0,-16.063,119000.0
2024-01-29,71.279,82.12,15.209,500000.0
2024-01-31,72.6,79.9925,10.183,485300.0
2024-02-02,75.8729,58.5714,-22.803,630000.0
2024-02-23,80.0,80.5,0.625,109085.0
2024-02-27,82.3787,78.6658,-4.507,300094.0
2024-02-28,82.4396,84.2702,2.221,201480.0
2024-03-06,82.7364,81.7,-1.253,160000.0
2024-03-07,85.0,86.8,2.118,160000.0
2024-03-08,85.729,81.7,-4.7,140000.0
2024-03-11,85.0029,82.81,-2.58,500000.0
2024-03-12,85.8062,86.6,0.925,140000.0
2024-03-14,80.0394,85.1,6.323,100000.0
2024-03-26,87.389,89.0,1.843,527522.0
2024-04-08,86.8621,85.03,-2.109,137776.0
2024-04-09,89.0193,89.025,0.006,695000.0
2024-04-10,83.0,88.7011,6.869,915000.0
2024-04-12,91.8344,90.2,-1.78,300000.0
2024-04-16,89.5286,93.5,4.436,130000.0
2024-04-17,93.0258,91.0,-2.178,156032.0
2024-04-18,92.4166,93.0,0.631,152914.0
2024-04-22,97.6725,87.65,-10.261,559936.0
2024-04-25,102.3219,104.1,1.738,200000.0
2024-04-26,102.3838,97.2727,-4.992,506000.0
2024-04-29,102.4782,97.075,-5.273,400000.0
2024-04-30,101.0,90.5,-10.396,100000.0
2024-05-09,99.8095,91.8,-8.025,108000.0
2024-05-20,97.4558,98.52,1.092,130000.0
2024-05-21,96.0,84.0391,-12.459,256000.0
2024-05-22,97.7937,97.75,-0.045,200000.0
2024-05-23,96.75,74.0,-23.514,114000.0
2024-05-24,98.1271,98.0,-0.13,100000.0
2024-05-28,97.9828,98.0,0.018,100000.0
2024-05-29,95.6336,97.5,1.952,869304.0
2024-05-31,95.0705,97.2,2.24,400000.0
2024-06-03,96.1188,97.1,1.021,480000.0
2024-06-13,96.4605,96.3,-0.166,250000.0
2024-06-19,95.1066,67.21,-29.332,223181.0
2024-06-25,93.6406,93.7143,0.079,700000.0
2024-06-26,93.3533,80.0,-14.304,100000.0
2024-06-27,93.0767,90.0,-3.306,800000.0
2024-06-28,92.776,91.0,-1.914,250000.0
2024-07-03,90.6667,90.0,-0.735,150000.0
2024-07-08,92.4667,89.5,-3.208,335000.0
2024-07-10,90.056,93.15,3.436,320000.0
2024-07-11,89.9504,90.0,0.055,100000.0
2024-07-12,89.4238,91.5,2.322,200000.0
2024-07-17,86.0,90.0,4.651,300000.0
2024-07-18,89.4535,90.8,1.505,280000.0
2024-07-23,89.38,91.5,2.372,100000.0
2024-07-24,91.4677,92.049,0.636,490000.0
2024-07-25,88.4099,91.5238,3.522,210000.0
2024-07-29,91.5,91.85,0.383,174000.0
2024-07-30,90.6217,91.85,1.355,100000.0
2024-08-02,89.9,90.5,0.667,120000.0
2024-08-05,91.4911,90.5273,-1.053,550000.0
2024-08-07,91.7882,90.5,-1.403,180000.0
2024-08-08,92.4848,91.0,-1.605,100000.0
2024-08-09,90.6641,92.56,2.091,115000.0
2024-08-12,92.3673,92.3857,0.02,350000.0
2024-08-15,91.5,92.0,0.546,112554.0
2024-08-16,91.875,92.0,0.136,100000.0
2024-08-20,92.574,93.6,1.108,400000.0
2024-08-21,90.7363,73.9565,-18.493,1150000.0
2024-08-23,92.5212,94.6,2.247,100000.0
2024-08-28,94.6611,78.8714,-16.68,1050000.0
2024-09-02,95.3161,91.6,-3.899,250000.0
2024-09-04,96.0645,96.6,0.557,200000.0
2024-09-05,95.703,80.6011,-15.78,768343.0
2024-09-11,91.048,99.0,8.734,100000.0
2024-09-13,98.788,100.08,1.308,500000.0
2024-09-19,96.1542,101.1,5.144,300000.0
2024-09-20,98.4401,100.3402,1.93,409192.0
2024-09-23,100.0,100.5737,0.574,703701.0
2024-09-24,100.275,92.0,-8.252,350000.0
2024-09-25,97.3947,101.15,3.856,200000.0
2024-09-26,100.5737,100.65,0.076,400000.0
2024-09-27,100.426,99.8062,-0.617,356004.0
2024-09-30,100.0679,96.7262,-3.339,840000.0
2024-10-08,101.8782,85.0423,-16.526,710000.0
2024-10-09,102.0953,83.5556,-18.159,720000.0
2024-10-10,102.6397,101.9,-0.721,800000.0
2024-10-11,95.9949,100.775,4.98,400000.0
2024-10-14,103.9533,100.6853,-3.144,340000.0
2024-10-15,102.3137,101.401,-0.892,1000000.0
2024-10-16,102.9449,103.0,0.054,140000.0
2024-10-17,102.6885,86.2192,-16.038,292000.0
2024-10-18,102.8764,99.6177,-3.168,620000.0
2024-10-21,104.1715,98.0,-5.924,100000.0
2024-10-22,104.3325,97.1975,-6.839,810000.0
2024-10-23,104.3042,101.1429,-3.031,350000.0
2024-10-24,104.0966,103.25,-0.813,200000.0
2024-10-25,104.327,103.9167,-0.393,240000.0
2024-10-28,103.7073,97.6148,-5.875,1083798.0
2024-10-29,103.4004,88.7983,-14.122,835995.0
2024-10-30,104.121,74.37,-28.573,173139.0
2024-10-31,104.0492,102.0,-1.969,330000.0
2024-11-01,104.4883,92.9675,-11.026,1540000.0
2024-11-04,104.9068,102.3351,-2.451,570000.0
2024-11-05,104.9683,103.1381,-1.744,2155000.0
2024-11-06,105.6034,103.4748,-2.016,556000.0
2024-11-07,105.3967,97.1771,-7.799,697420.0
2024-11-08,105.1063,100.788,-4.109,2688230.0
2024-11-11,105.0349,103.5808,-1.384,1864192.0
2024-11-12,104.9963,99.0045,-5.707,1245251.0
2024-11-13,105.6648,100.8964,-4.513,1916930.0
2024-11-14,105.1037,100.0285,-4.829,860596.0
2024-11-15,104.9146,100.9937,-3.737,3030733.0
2024-11-18,104.7605,98.8139,-5.676,2723005.0
2024-11-19,104.8225,88.978,-15.116,2809409.0
2024-11-20,104.7102,92.2256,-11.923,1686169.0
2024-11-21,104.6966,90.3935,-13.661,2769996.0
2024-11-22,104.7741,94.8101,-9.51,3342070.0
2024-11-25,104.2924,91.8502,-11.93,4298525.0
2024-11-26,103.0439,97.2208,-5.651,4832059.0
2024-11-27,103.1645,95.1997,-7.72,4986712.0
2024-11-28,102.2575,92.3604,-9.679,2715932.0
2024-11-29,101.3103,98.4595,-2.814,5880586.0
2024-12-02,99.9387,97.271,-2.669,4181699.0
2024-12-03,99.1713,97.0752,-2.114,2568656.0
2024-12-04,98.9256,96.7143,-2.235,3468673.0
2024-12-05,99.8197,91.3515,-8.483,1356125.0
2024-12-06,99.494,98.819,-0.678,1952880.0
2024-12-09,99.7898,101.1456,1.359,5677325.0
2024-12-10,99.7358,99.5074,-0.229,8684118.0
2024-12-11,99.6577,97.3676,-2.298,8265953.0
2024-12-12,99.4667,98.9239,-0.546,8504320.0
2024-12-13,99.3524,97.5307,-1.834,4617079.0
2024-12-16,97.3029,98.0103,0.727,2283600.0
2024-12-17,95.4436,95.6667,0.234,480000.0
2024-12-18,96.2169,94.6443,-1.634,2160913.0
2024-12-19,97.7256,97.902,0.181,2402807.0
2024-12-20,98.3283,97.2332,-1.114,1756083.0
2024-12-23,98.5295,91.5173,-7.117,1309732.0
2024-12-24,97.5259,98.0,0.486,252000.0
2024-12-25,97.2157,98.9639,1.798,274933.0
2024-12-26,97.2069,97.0501,-0.161,1040200.0
2024-12-27,96.9021,97.4306,0.545,592666.0
2025-01-20,93.2,93.2,0.0,200000.0
2025-01-21,92.0,90.0,-2.174,1000000.0
2025-02-14,90.5121,92.4,2.086,200000.0
2025-02-28,88.7413,83.5,-5.906,100000.0
2025-03-03,88.7413,83.5,-5.906,100000.0
2025-03-04,88.0,88.74,0.841,100000.0
2025-03-06,89.99,86.5,-3.878,100000.0
2025-03-11,85.0,87.5,2.941,200000.0
2025-03-14,87.0,85.5,-1.724,100000.0
2025-03-17,88.0,86.0,-2.273,100000.0
2025-03-21,85.6523,85.0,-0.762,118941.0
2025-03-25,83.2955,84.5,1.446,150000.0
2025-03-26,85.3382,85.7,0.424,150000.0
2025-03-27,84.3684,77.5,-8.141,200000.0
2025-03-31,84.0,76.0,-9.524,1000000.0
2025-04-01,83.5157,84.5,1.179,100000.0
2025-04-02,83.22,79.5,-4.47,200000.0
2025-04-03,83.1,70.0838,-15.663,263489.0
2025-04-10,83.0948,81.9293,-1.403,282926.0
2025-04-14,82.3765,79.0,-4.099,100000.0
2025-04-15,82.6961,81.8,-1.084,100000.0
2025-04-17,80.4474,81.0,0.687,100000.0
2025-04-18,79.0279,85.458,8.136,500000.0
2025-04-21,78.3038,79.0,0.889,140000.0
2025-04-22,77.3793,83.33,7.69,300000.0
2025-04-24,76.0553,76.0,-0.073,155000.0
2025-04-25,75.0295,75.3333,0.405,300000.0
2025-04-28,73.6369,71.6176,-2.742,340000.0
2025-04-29,72.7745,73.6433,1.194,450000.0
2025-04-30,70.106,69.0567,-1.497,712305.0
2025-05-06,70.013,70.0,-0.019,300000.0
2025-05-07,70.0,69.95,-0.071,200000.0
2025-05-08,70.3453,69.9,-0.633,100000.0
2025-05-09,70.301,69.5,-1.139,150000.0
2025-05-12,70.5044,71.0,0.703,200000.0
2025-05-13,70.5015,74.5147,5.692,1782098.0
2025-05-14,70.8168,70.6,-0.306,200000.0
2025-05-15,70.9321,68.0,-4.134,300000.0
2025-05-16,71.001,70.99,-0.015,100000.0
2025-05-20,70.956,67.9571,-4.226,700000.0
2025-05-21,70.9629,71.2526,0.408,786111.0
2025-05-22,70.0296,71.7739,2.491,247906.0
2025-05-23,70.4161,73.5452,4.444,420000.0
2025-05-26,69.6934,70.5714,1.26,350000.0
2025-05-27,68.9831,69.5,0.749,200000.0
2025-05-28,68.9183,68.452,-0.677,240500.0
2025-05-29,68.4818,64.5631,-5.722,253914.0
2025-05-30,68.2591,69.2,1.378,300000.0
2025-06-03,67.5085,68.2667,1.123,300000.0
2025-06-04,67.5815,68.1,0.767,110000.0
2025-06-05,68.6418,58.8711,-14.234,270000.0
2025-06-06,68.9644,68.4522,-0.743,1150000.0
2025-06-09,68.6388,68.8,0.235,600000.0
2025-06-10,68.5883,68.998,0.597,990000.0
2025-06-11,69.365,69.6312,0.384,640000.0
2025-06-12,70.0828,70.0,-0.118,100000.0
2025-06-13,71.0276,71.2,0.243,420000.0
2025-06-16,73.1045,69.04,-5.56,160000.0
2025-06-17,73.716,67.8813,-7.915,750000.0
2025-06-19,74.8282,73.6364,-1.593,550000.0
2025-06-20,73.7016,72.9308,-1.046,650000.0
2025-06-23,75.2883,68.0,-9.681,469000.0
2025-06-24,74.8682,80.0807,6.962,1425000.0
2025-06-25,75.4592,77.7391,3.021,345000.0
2025-06-26,77.1822,71.7584,-7.027,1465540.0
2025-06-27,77.5297,73.9719,-4.589,1002000.0
2025-06-30,73.0615,64.6667,-11.49,300000.0
2025-07-01,74.2227,73.9688,-0.342,480000.0
2025-07-02,72.7394,73.68,1.293,250000.0
2025-07-03,74.1432,74.0,-0.193,101104.0
2025-07-04,74.4036,74.0,-0.542,250000.0
2025-07-09,74.5732,77.8229,4.358,527161.0
2025-07-10,74.8897,71.908,-3.981,330359.0
2025-07-11,74.4843,74.0083,-0.639,201673.0
2025-07-16,73.8488,74.2977,0.608,525000.0
2025-07-17,74.0475,69.36,-6.33,300000.0
2025-07-18,73.4012,74.8,1.906,100000.0
2025-07-21,74.5619,74.0,-0.754,500000.0
2025-07-22,74.4865,70.12,-5.862,900000.0
2025-07-23,74.609,60.9355,-18.327,223000.0
2025-07-24,74.4799,70.81,-4.927,124187.0
2025-07-28,74.0377,70.7,-4.508,200000.0
2025-07-29,73.2909,73.4779,0.255,406430.0
2025-07-30,73.9169,72.92,-1.349,100000.0
2025-07-31,72.9558,71.2373,-2.356,375550.0
2025-08-01,73.4397,75.1436,2.32,412621.0
2025-08-04,73.9537,72.92,-1.398,100000.0
2025-08-05,73.4408,65.2877,-11.102,897122.0
2025-08-06,73.0819,71.0332,-2.803,1239300.0
2025-08-07,73.1418,55.0,-24.804,100000.0
2025-08-08,73.1233,73.0,-0.169,100000.0
2025-08-11,72.8456,55.248,-24.157,745654.0
2025-08-12,71.7504,74.5,3.832,190289.0
2025-08-13,72.4503,74.0,2.139,100000.0
2025-08-14,72.4117,71.4,-1.397,200000.0
2025-08-15,72.1576,72.3461,0.261,720000.0
2025-08-18,71.0304,71.6,0.802,300000.0
2025-08-20,70.6218,70.3597,-0.371,869791.0
2025-08-21,70.1317,67.57,-3.653,103632.0
2025-08-26,69.469,69.75,0.404,200000.0
2025-08-27,69.7496,65.7566,-5.725,1716752.0
2025-08-28,69.3033,67.8358,-2.118,897184.0
2025-08-29,69.2165,68.2676,-1.371,1180939.0
2025-09-01,69.2651,70.1061,1.214,317000.0
2025-09-02,68.5122,56.5684,-17.433,1159450.0
2025-09-03,68.359,63.7515,-6.74,2481256.0
2025-09-04,67.4522,65.9142,-2.28,2001510.0
2025-09-05,65.3878,66.5,1.701,295077.0
2025-09-08,62.5256,66.18,5.845,322120.0
2025-09-09,61.8288,62.8333,1.625,818000.0
2025-09-10,60.5642,63.7971,5.338,957741.0
2025-09-11,60.2863,62.877,4.297,717000.0
2025-09-12,60.1986,61.5107,2.18,748490.0
2025-09-15,59.9072,73.4,22.523,388000.0
2025-09-16,58.4589,66.7276,14.144,1317065.0
2025-09-18,56.7895,56.9382,0.262,978180.0
2025-09-19,55.5037,63.6181,14.62,719209.0
2025-09-22,54.9701,55.4,0.782,100000.0
2025-09-23,55.7942,59.8844,7.331,1120696.0
2025-09-24,56.8558,71.9,26.46,630000.0
2025-09-25,57.5744,65.3779,13.554,844819.0
2025-09-26,55.8933,59.2671,6.036,1833827.0
2025-09-29,54.5658,58.9626,8.058,1164669.0
2025-09-30,53.2898,58.5125,9.801,2546005.0
2025-10-09,55.0,59.06,7.382,200000.0
2025-10-10,54.1004,56.64,4.694,300000.0
2025-10-13,50.8353,61.7789,21.528,942254.0
2025-10-14,48.8802,40.01,-18.147,506100.0
2025-10-15,46.6533,58.0525,24.434,2116970.0
2025-10-16,45.3103,49.6228,9.518,2293709.0
2025-10-17,40.1229,42.7032,6.431,2913389.0
2025-10-20,38.4983,46.1514,19.879,723450.0
2025-10-21,41.7369,35.5761,-14.761,631108.0
2025-10-22,42.6886,48.514,13.646,1540160.0
2025-10-23,45.0613,44.9129,-0.329,620000.0
2025-10-24,47.9998,48.851,1.773,1729662.0
2025-10-27,48.466,47.6447,-1.695,6328573.0
2025-10-28,45.7094,48.4429,5.98,4894827.0
2025-10-29,44.3329,52.5251,18.479,2604749.0
2025-10-30,44.4295,43.1185,-2.951,2003259.0
2025-10-31,46.6126,40.2962,-13.551,588510.0
2025-11-03,48.5052,49.8995,2.875,1105615.0
2025-11-04,50.0897,34.9868,-30.152,460961.0
2025-11-05,50.4043,48.5974,-3.585,773057.0
2025-11-06,53.2047,51.394,-3.403,555261.0
2025-11-07,57.6423,49.1673,-14.703,2259608.0
2025-11-10,59.4541,59.5258,0.121,1925260.0
2025-11-11,63.272,63.2477,-0.038,3096862.0
2025-11-12,63.9006,54.9741,-13.969,1768814.0
2025-11-13,61.0253,58.8473,-3.569,2101470.0
2025-11-14,60.0516,56.7699,-5.465,1734731.0
2025-11-17,61.3177,56.1028,-8.505,2161179.0
2025-11-18,61.8005,55.9835,-9.413,2378902.0
2025-11-19,67.3485,60.8812,-9.603,908508.0
2025-11-20,68.3467,58.7499,-14.041,2197275.0
2025-11-21,63.7361,60.61,-4.905,200000.0
2025-11-24,58.0067,59.55,2.661,200000.0
2025-11-25,56.4461,59.4175,5.264,943051.0
2025-11-26,55.5347,59.7173,7.532,1638531.0
2025-11-27,56.467,57.0448,1.023,2112574.0
2025-11-28,58.027,60.9597,5.054,1499152.0
2025-12-01,59.4701,56.4349,-5.104,1419656.0
2025-12-02,59.8234,60.0,0.295,240000.0
2025-12-03,59.8634,54.9958,-8.131,226790.0
2025-12-04,59.8653,57.4417,-4.048,621671.0
2025-12-05,60.0347,58.2591,-2.958,954681.0
2025-12-08,59.9464,59.1629,-1.307,1804531.0
2025-12-09,59.6475,59.7433,0.161,1940000.0
2025-12-10,58.4929,66.1855,13.151,570500.0
2025-12-11,57.1267,54.0,-5.473,165000.0
2025-12-12,58.603,58.1723,-0.735,390500.0
2025-12-15,58.6172,53.7,-8.389,200000.0
2025-12-16,59.0034,58.004,-1.694,1454803.0
2025-12-17,59.9156,58.5965,-2.202,1031235.0
2025-12-18,60.964,62.1213,1.898,710789.0
2025-12-19,65.3985,58.5528,-10.468,1063519.0
2025-12-22,66.4555,59.5944,-10.324,2021548.0
2025-12-23,69.6246,70.0263,0.577,2810773.0
2025-12-24,72.8217,72.5622,-0.356,2275234.0
2025-12-25,80.8426,75.0295,-7.191,1969110.0
2025-12-26,74.8911,76.2515,1.817,2724282.0
2025-12-29,71.9684,70.2874,-2.336,981949.0
2025-12-30,73.0373,73.8258,1.08,3100000.0
2025-12-31,75.8031,76.4,0.787,100000.0
2026-01-06,71.202,80.0,12.356,100000.0
2026-01-07,77.9699,75.4931,-3.177,3046405.0
2026-01-08,78.614,71.8167,-8.646,706626.0
2026-01-09,75.0236,73.3333,-2.253,300000.0
2026-01-12,78.3086,73.5875,-6.029,400000.0
2026-01-14,72.5,62.5524,-13.721,572000.0
2026-01-15,78.5,68.0,-13.376,100000.0
2026-01-19,79.213,79.0,-0.269,100000.0
2026-01-20,73.0,69.0,-5.479,200000.0
2026-01-21,78.6,62.0789,-21.019,570000.0
2026-01-22,77.2712,74.4733,-3.621,860000.0
2026-01-23,79.5999,80.25,0.817,400000.0
2026-01-28,78.5706,77.876,-0.884,500000.0
2026-01-30,79.0,80.4,1.772,100000.0
2026-02-06,78.0016,78.6,0.767,400000.0
2026-02-09,80.6203,78.6,-2.506,400000.0
2026-02-10,80.5404,78.6,-2.409,400000.0
2026-02-11,78.7,78.6333,-0.085,300000.0
2026-02-26,81.0,78.6,-2.963,400000.0
2026-02-27,80.5,78.7,-2.236,100000.0
2026-03-03,80.5476,81.0,0.562,100000.0
2026-03-10,82.0,73.6275,-10.21,414650.0
2026-03-11,79.0,79.64,0.81,500000.0
2026-03-12,82.4545,79.3,-3.826,600000.0
2026-03-13,81.8333,79.3833,-2.994,600000.0
2026-03-16,81.95,80.225,-2.105,400000.0
2026-03-26,79.7526,67.69,-15.125,275350.0
2026-03-27,79.9046,81.0,1.371,100000.0
2026-03-30,79.9074,56.0,-29.919,280000.0
2026-04-09,79.5183,72.75,-8.512,600000.0
2026-04-10,79.5036,80.68,1.48,500000.0
2026-04-14,79.5219,79.6,0.098,100000.0
2026-04-15,78.0211,67.6,-13.357,450000.0
2026-04-16,78.9273,78.9273,0.0,550000.0
2026-04-17,79.5567,73.25,-7.927,200000.0
2026-04-20,78.6089,75.5901,-3.84,1420000.0
2026-04-21,76.1433,74.5805,-2.052,621862.0
2026-04-22,75.8131,68.5238,-9.615,800000.0
2026-04-23,76.2222,63.65,-16.494,500000.0
2026-04-27,78.997,68.7286,-12.998,282558.0
2026-04-28,78.3039,77.9307,-0.477,311142.0
2026-04-29,78.8884,72.5117,-8.083,297442.0
2026-04-30,79.5038,77.0,-3.149,100000.0
2026-05-07,80.0,78.0209,-2.474,430000.0
2026-05-08,80.0635,77.3,-3.452,600000.0
2026-05-11,81.0638,74.7667,-7.768,300000.0
2026-05-12,82.0988,81.725,-0.455,400000.0
2026-05-13,82.5594,83.0571,0.603,350000.0
2026-05-14,83.945,74.5452,-11.198,335715.0
2026-05-15,84.9064,77.92,-8.228,400000.0
2026-05-18,84.0818,83.5,-0.692,100000.0
2026-05-19,82.6392,83.8455,1.46,550000.0
2026-05-20,81.6958,81.5,-0.24,200000.0
2026-05-21,80.4336,77.5261,-3.615,548800.0
2026-05-22,80.1564,79.8286,-0.409,700000.0
2026-05-25,80.0884,81.4,1.638,200000.0
2026-05-26,80.0133,79.6667,-0.433,450000.0
2026-05-27,80.0647,80.0167,-0.06,300000.0
2026-05-28,80.2992,76.5411,-4.68,950000.0
2026-05-29,80.7662,77.797,-3.676,529196.0
2026-06-01,82.0124,66.232,-19.241,500000.0
2026-06-02,81.8382,81.04,-0.975,500000.0
2026-06-03,81.9722,76.84,-6.261,210000.0
2026-06-04,82.029,81.8167,-0.259,300000.0
2026-06-05,82.8677,82.5,-0.444,200000.0
2026-06-08,82.2523,81.4933,-0.923,300000.0
2026-06-10,81.6417,81.4503,-0.234,620000.0
2026-06-11,81.2267,80.8667,-0.443,300000.0
2026-06-12,81.4221,81.25,-0.211,200000.0
2026-06-15,81.4496,80.75,-0.859,200000.0
2026-06-16,81.8131,81.5,-0.383,400000.0
2026-06-17,82.0392,81.3625,-0.825,400000.0
2026-06-18,82.3361,81.965,-0.451,200000.0
2026-06-22,82.0522,82.1286,0.093,350000.0
2026-06-23,82.4106,75.7329,-8.103,420000.0
2026-06-24,82.6786,80.4264,-2.724,394000.0
2026-06-25,83.1201,82.6272,-0.593,1140000.0
2026-06-26,83.1094,80.2337,-3.46,950000.0
2026-06-29,83.1363,71.25,-14.297,400000.0
2026-07-01,83.904,81.34,-3.056,150000.0
2026-07-02,84.8235,79.84,-5.875,500000.0
2026-07-03,85.7224,66.9372,-21.914,679957.0
2026-07-06,86.2179,85.26,-1.111,300000.0
2026-07-07,86.3644,85.9452,-0.485,620000.0
2026-07-08,86.2401,85.9332,-0.356,680000.0
2026-07-09,86.209,82.5633,-4.229,600000.0
2026-07-10,86.9532,86.1968,-0.87,309000.0
2026-07-13,87.4188,87.8,0.436,100000.0
2026-07-14,87.8942,87.1084,-0.894,550510.0
2026-07-15,89.8137,90.0667,0.282,300000.0
2026-07-16,90.1273,89.9515,-0.195,1040000.0
2026-07-17,90.0161,84.25,-6.406,400000.0
2026-07-20,90.1455,90.025,-0.134,200000.0
2026-07-21,90.543,90.25,-0.324,100000.0
2026-07-22,91.0256,89.8874,-1.25,615021.0
2026-07-23,92.5418,92.9,0.387,300000.0
2026-07-24,93.5751,93.8,0.24,200000.0
2026-07-27,93.7682,94.4667,0.745,300000.0
2026-07-28,94.6749,88.1987,-6.84,1260251.0
2026-07-29,95.6515,92.7553,-3.028,827513.0
2026-07-30,96.6091,95.15,-1.51,500000.0
2026-07-31,98.5913,83.1855,-15.626,885819.0
2026-08-03,99.6942,92.971,-6.744,1000000.0
2026-08-04,98.5565,95.6977,-2.901,926736.0
2026-08-05,97.558,96.9,-0.674,300000.0
2026-08-06,97.4434,95.8667,-1.618,540000.0
2026-08-07,98.5408,94.988,-3.605,925000.0
2026-08-10,98.5177,97.5,-1.033,200000.0
2026-08-11,98.3163,98.1,-0.22,100000.0
2026-08-12,98.3073,95.98,-2.367,300000.0
2026-08-13,98.1524,97.8,-0.359,300000.0
2026-08-14,98.2058,93.89,-4.395,500000.0
